CREATE DATABASE  IF NOT EXISTS `bankglobal_project` /*!40100 DEFAULT CHARACTER SET utf8mb4 COLLATE utf8mb4_0900_ai_ci */ /*!80016 DEFAULT ENCRYPTION='N' */;
USE `bankglobal_project`;
-- MySQL dump 10.13  Distrib 8.0.34, for Win64 (x86_64)
--
-- Host: localhost    Database: bankglobal_project
-- ------------------------------------------------------
-- Server version	8.0.34

/*!40101 SET @OLD_CHARACTER_SET_CLIENT=@@CHARACTER_SET_CLIENT */;
/*!40101 SET @OLD_CHARACTER_SET_RESULTS=@@CHARACTER_SET_RESULTS */;
/*!40101 SET @OLD_COLLATION_CONNECTION=@@COLLATION_CONNECTION */;
/*!50503 SET NAMES utf8 */;
/*!40103 SET @OLD_TIME_ZONE=@@TIME_ZONE */;
/*!40103 SET TIME_ZONE='+00:00' */;
/*!40014 SET @OLD_UNIQUE_CHECKS=@@UNIQUE_CHECKS, UNIQUE_CHECKS=0 */;
/*!40014 SET @OLD_FOREIGN_KEY_CHECKS=@@FOREIGN_KEY_CHECKS, FOREIGN_KEY_CHECKS=0 */;
/*!40101 SET @OLD_SQL_MODE=@@SQL_MODE, SQL_MODE='NO_AUTO_VALUE_ON_ZERO' */;
/*!40111 SET @OLD_SQL_NOTES=@@SQL_NOTES, SQL_NOTES=0 */;

--
-- Table structure for table `branch`
--

DROP TABLE IF EXISTS `branch`;
/*!40101 SET @saved_cs_client     = @@character_set_client */;
/*!50503 SET character_set_client = utf8mb4 */;
CREATE TABLE `branch` (
  `BrNumber` int NOT NULL,
  `BrName` varchar(50) NOT NULL,
  `TelNo` varchar(25) NOT NULL,
  `Street` varchar(25) NOT NULL,
  `City` varchar(25) NOT NULL,
  `State` varchar(25) NOT NULL,
  `ZipCode` varchar(10) NOT NULL,
  `ServerConnectedTo` varchar(50) NOT NULL,
  `MgrID` int NOT NULL,
  PRIMARY KEY (`BrNumber`),
  KEY `ServerConnectedTo` (`ServerConnectedTo`),
  KEY `MgrID` (`MgrID`),
  CONSTRAINT `branch_ibfk_1` FOREIGN KEY (`ServerConnectedTo`) REFERENCES `hardware` (`SerialNo`),
  CONSTRAINT `branch_ibfk_2` FOREIGN KEY (`MgrID`) REFERENCES `manager` (`MgrID`)
) ENGINE=InnoDB DEFAULT CHARSET=utf8mb4 COLLATE=utf8mb4_0900_ai_ci;
/*!40101 SET character_set_client = @saved_cs_client */;

--
-- Dumping data for table `branch`
--

LOCK TABLES `branch` WRITE;
/*!40000 ALTER TABLE `branch` DISABLE KEYS */;
INSERT INTO `branch` VALUES (100,'magna.','(647) 748-5389','Ap #379-3421 Ut Road','Olympia','Illinois','82196','SEA2C586-88ED-A0A3-0C13-EECA13E394AB',100),(101,'risus.','(847) 129-6381','736-2176 Donec Avenue','Fort Worth','Utah','82196','SEA2C586-88ED-A0A3-0C13-EECA13E394AB',101),(102,'Curabitur','(848) 393-1958','1976 Dictum Avenue','Dallas','Montana','82196','SEA2C586-88ED-A0A3-0C13-EECA13E394AB',102),(103,'lorem','(483) 510-1380','102 Curabitur St.','Aurora','Delaware','82196','SEA2C586-88ED-A0A3-0C13-EECA13E394AB',103),(105,'Aenean','(669) 493-6563','103 Curabitur St.','Little Rock','Missouri','65261','6A380749-276E-7EFA-CBE4-9DF9C387D2CF',105),(106,'vitae','(265) 775-7262','296-6052 Venenatis Rd.','Tallahassee','Alabama','65261','6A380749-276E-7EFA-CBE4-9DF9C387D2CF',106),(107,'pellentesque.','(683) 472-8625','104 Curabitur St.','Biloxi','Oregon','65261','6A380749-276E-7EFA-CBE4-9DF9C387D2CF',107),(108,'ac','(675) 185-4431','105 Curabitur St.','Columbia','Minnesota','78451','76F956F1-3AB7-399F-6B4D-7DA37EC9992E',108),(109,'lectus','(416) 164-2384','6667 Mollis Av.','Missoula','Georgia','78451','76F956F1-3AB7-399F-6B4D-7DA37EC9992E',109),(110,'nulla.','(545) 817-2046','487-6909 Metus Street','Cambridge','Massachusetts','78451','76F956F1-3AB7-399F-6B4D-7DA37EC9992E',110),(111,'magna.','(669) 443-9686','106 Curabitur St.','Dallas','Wisconsin','78451','76F956F1-3AB7-399F-6B4D-7DA37EC9992E',111),(112,'sem','(182) 638-1523','107 Curabitur St.','Billings','Oregon','78451','76F956F1-3AB7-399F-6B4D-7DA37EC9992E',112),(113,'diam','(187) 526-8362','9123 Sit Street','Rockville','Tennessee','66398','59D7B8B1-5B08-7266-C86A-18CD08ECCB22',113),(114,'sit','(786) 284-2712','Ap #392-9437 Senectus St.','Houston','Arizona','28667','0975B73D-60AB-9D38-7176-145312AE5B75',114),(116,'cursus','(637) 903-8488','351-5914 Velit. Rd.','Rock Springs','Oklahoma','77034','BD5F40F4-6ABD-34C8-347D-7666589EDBFF',116),(117,'Maecenas','(535) 924-3771','268-7956 Conubia St.','Fort Worth','Wisconsin','77034','BD5F40F4-6ABD-34C8-347D-7666589EDBFF',117),(118,'sagittis','(455) 541-1121','139-8641 Orci St.','Baltimore','Nebraska','77034','BD5F40F4-6ABD-34C8-347D-7666589EDBFF',118),(119,'Pellentesque','(373) 666-5884','Ap #280-2125 Elit St.','Laramie','Vermont','77034','BD5F40F4-6ABD-34C8-347D-7666589EDBFF',119),(120,'magna.','(675) 376-2163','Ap #702-7797 Ante Rd.','Jonesboro','Maine','77034','BD5F40F4-6ABD-34C8-347D-7666589EDBFF',120),(121,'vitae','(366) 248-7627','108 Curabitur St.','Waterbury','Louisiana','77034','BD5F40F4-6ABD-34C8-347D-7666589EDBFF',121),(122,'magna.','(680) 816-8873','Ap #918-2586 Nec Rd.','Auburn','Vermont','90759','841170AB-08AE-61B3-616C-1E51EFD45F4E',122),(123,'magna.','(936) 966-3671','355-3706 Proin Road','Pittsburgh','Oregon','90759','841170AB-08AE-61B3-616C-1E51EFD45F4E',123),(124,'diam','(921) 521-3642','784-7126 Ac St.','Saint Louis','Georgia','90759','841170AB-08AE-61B3-616C-1E51EFD45F4E',124),(126,'tellus','(238) 111-8285','115-3918 Luctus Road','Sioux City','Florida','72206','D65820E6-B4C3-C4C1-38AC-99D69184C3C1',126),(127,'In','(278) 466-7887','Ap #473-7086 Morbi Street','Rockford','Oregon','72206','D65820E6-B4C3-C4C1-38AC-99D69184C3C1',127),(128,'amet','(694) 468-7771','109 Curabitur St.','Nashville','Oregon','72206','D65820E6-B4C3-C4C1-38AC-99D69184C3C1',128),(129,'ornare','(271) 603-7649','8246 Hendrerit Rd.','Springfield','Texas','72206','D65820E6-B4C3-C4C1-38AC-99D69184C3C1',129),(130,'magna.','(252) 348-6833','979-7417 Nec St.','Fort Collins','Idaho','72206','D65820E6-B4C3-C4C1-38AC-99D69184C3C1',130),(131,'ac','(553) 372-9686','Ap #188-8143 Sed St.','Kansas City','Nevada','72206','D65820E6-B4C3-C4C1-38AC-99D69184C3C1',131),(132,'ac','(724) 222-5531','216-1401 Semper Rd.','Kenosha','Maine','72206','D65820E6-B4C3-C4C1-38AC-99D69184C3C1',132),(133,'magna.','(888) 928-4824','110 Curabitur St.','Baton Rouge','Oklahoma','76041','DDD66138-59CA-4A78-6461-1CE94776DA8D',133),(134,'augue','(514) 421-2447','804-2532 Massa. Rd.','Bear','Massachusetts','76041','DDD66138-59CA-4A78-6461-1CE94776DA8D',134),(135,'fermentum','(421) 186-5793','111 Curabitur St.','Clarksville','Tennessee','76041','DDD66138-59CA-4A78-6461-1CE94776DA8D',135),(136,'Aliquam','(610) 448-1031','770-9735 Hendrerit. St.','San Antonio','Vermont','76041','DDD66138-59CA-4A78-6461-1CE94776DA8D',136),(137,'ligula.','(446) 557-9258','112 Curabitur St.','Fort Worth','Idaho','76041','DDD66138-59CA-4A78-6461-1CE94776DA8D',137),(138,'enim.','(457) 436-8544','Ap #868-3463 Neque. Rd.','Billings','Hawaii','76041','DDD66138-59CA-4A78-6461-1CE94776DA8D',138),(139,'nisi.','(407) 530-1406','113 Curabitur St.','Seattle','Minnesota','76041','DDD66138-59CA-4A78-6461-1CE94776DA8D',139),(140,'magna.','(342) 886-2082','164-5580 Nunc Ave','Harrisburg','Indiana','71853','B62D1AF2-1FB7-9EA3-D1B3-2A6E886401B8',140),(141,'dolor.','(342) 455-3005','642-5766 Lorem Rd.','Portland','Kansas','71853','B62D1AF2-1FB7-9EA3-D1B3-2A6E886401B8',141),(142,'nunc.','(528) 823-2135','114 Curabitur St.','Duluth','Indiana','71853','B62D1AF2-1FB7-9EA3-D1B3-2A6E886401B8',142),(143,'magna.','(761) 262-1954','755-6695 Dolor Road','Cincinnati','Connecticut','71853','B62D1AF2-1FB7-9EA3-D1B3-2A6E886401B8',143),(145,'Vestibulum','(461) 263-4562','412-8332 Fusce Rd.','Norman','Ohio','71853','B62D1AF2-1FB7-9EA3-D1B3-2A6E886401B8',145),(146,'nibh','(355) 654-8233','Ap #456-9173 Aliquet Ave','Hattiesburg','Hawaii','71853','B62D1AF2-1FB7-9EA3-D1B3-2A6E886401B8',146),(147,'magna.','(727) 888-0626','115 Curabitur St.','Portland','Ohio','71853','B62D1AF2-1FB7-9EA3-D1B3-2A6E886401B8',147),(148,'Suspendisse','(921) 676-5579','116 Curabitur St.','Portland','Maine','71853','B62D1AF2-1FB7-9EA3-D1B3-2A6E886401B8',148),(149,'tellus','(693) 558-9268','7378 Orci Ave','Anchorage','Wisconsin','71853','B62D1AF2-1FB7-9EA3-D1B3-2A6E886401B8',149);
/*!40000 ALTER TABLE `branch` ENABLE KEYS */;
UNLOCK TABLES;

--
-- Table structure for table `hardware`
--

DROP TABLE IF EXISTS `hardware`;
/*!40101 SET @saved_cs_client     = @@character_set_client */;
/*!50503 SET character_set_client = utf8mb4 */;
CREATE TABLE `hardware` (
  `SerialNo` varchar(50) NOT NULL,
  `Type` varchar(25) NOT NULL,
  `Model` int NOT NULL,
  `PurchaseDate` date NOT NULL,
  `WarrDurration` int NOT NULL,
  `Price` decimal(10,2) NOT NULL,
  `BrLocation` int NOT NULL,
  PRIMARY KEY (`SerialNo`),
  KEY `located_idx` (`BrLocation`)
) ENGINE=InnoDB DEFAULT CHARSET=utf8mb4 COLLATE=utf8mb4_0900_ai_ci;
/*!40101 SET character_set_client = @saved_cs_client */;

--
-- Dumping data for table `hardware`
--

LOCK TABLES `hardware` WRITE;
/*!40000 ALTER TABLE `hardware` DISABLE KEYS */;
INSERT INTO `hardware` VALUES ('001A6B14-A6C6-93B5-213B-C8C5C6B9ABCF','molestie',14,'2018-11-08',7,8656.00,137),('01B0529C-1129-974D-BB5B-88219A1862B5','gravida',22,'2013-06-20',12,5359.00,145),('047D216F-E32B-2354-98A9-C67178743C58','Aeneancl',17,'2013-12-12',3,11118.00,100),('09654018-524F-2243-4F2A-5FA75C49CFCC','tortor',15,'2015-01-07',14,7538.00,143),('0975B73D-60AB-9D38-7176-145312AE5B75','server',18,'2013-12-14',11,8656.00,114),('09FA368B-2CF5-A4B5-1E66-A3181F8B1464','fast',26,'2010-04-09',12,7646.00,139),('0FCDF0CD-7E59-AC7E-926D-E4963ED4D131','nulla.',26,'2013-07-28',1,686.00,147),('1218D01D-5680-D5C1-252A-6BABC43CE37A','bronse',12,'2018-10-28',5,1805.00,143),('15F89FA4-0E63-5FDE-FA9B-6F2B07829144','ornarecl',13,'2016-03-21',12,3394.00,117),('1651C12B-98E5-9918-74DD-68218EBA8327','Suspendisseclcl',25,'2018-10-03',5,2459.00,117),('17608456-4C36-34D9-DCA1-41FC6154770C','tortor',11,'2017-01-31',7,3494.00,149),('18FDD297-179A-D7CE-DDD3-6554F3F25FF8','ante',10,'2019-04-28',12,12322.00,147),('243E528C-01B8-4AB9-23D3-8E614853C3C1','molestiepr3',20,'2010-11-24',2,1790.00,121),('26885C04-2364-3252-A877-B4C2448B6B88','cubilia',27,'2012-07-11',4,8656.00,132),('2833D1B3-43B7-A852-71AE-16EDC15EDBCB','ipsumpr1',24,'2011-12-28',3,11948.00,103),('2A2320A7-244C-D8AE-DF54-5BF116D36B14','nasceturcl',12,'2012-05-11',12,4476.00,103),('2AA21831-25E2-E365-246B-7806C8A27281','trunccl',17,'2014-03-21',8,7646.00,118),('2AC93A77-58B3-5BF7-7CC9-DA8DDA256D21','rhoncus',16,'2016-08-12',9,7424.00,148),('2B4DC481-2CCA-670E-7A5D-F35E865662CB','enimpr1',27,'2012-08-29',9,13766.00,121),('2CAD2C70-4451-ACAE-189E-43A32154DE8A','convallis',28,'2019-11-01',13,9600.00,135),('352A7DAE-5C28-6E4C-7B78-B95DC56B64AE','Nulla',25,'2018-08-21',14,4350.00,142),('35C6CEE2-4E1E-2686-0669-D2B7BE0E56BB','libero',10,'2014-02-12',2,2459.00,128),('37B8392C-5CAF-AA13-B125-88AD7B642357','magna.',10,'2018-05-19',5,13486.00,135),('3B71B1E8-16A5-3637-93A0-B567A585E859','ipsumpr2cl',26,'2014-10-14',14,9600.00,121),('3D2518A6-3653-EDAE-8DD0-4530CE112BA4','dictum',18,'2015-10-02',14,14533.00,131),('3DD7DA55-B8B2-5CBE-3BD8-AB2149879A03','elit.',15,'2013-04-05',5,3394.00,138),('3E32C2B6-3930-6F3D-D792-C6BFCFD4D92B','risus.',16,'2014-06-22',13,1301.00,136),('3EAF3ED1-7D4E-C18C-1E9E-AD13D6E5DB59','inceptos',11,'2016-05-05',11,12322.00,145),('4145597A-33A8-109C-62D0-8F18EBE3FE9A','tortor',12,'2010-08-25',4,2646.00,149),('416B8A43-D9C6-C025-95C8-BC78AB561CE9','eu',18,'2014-05-02',8,3494.00,148),('421DA85C-0BA9-7575-E8B3-D33F1E4547A8','lobortis',11,'2017-11-30',13,13630.00,141),('46D7D4E7-44EC-EE16-0568-85B2BAE184A5','magna.',10,'2019-04-28',9,1790.00,130),('49B3776E-4CB4-6B64-7B9D-01B5E8D119EE','at',24,'2014-09-07',11,7354.00,143),('49D158A8-8A28-0EC8-26BA-A68E279C8D57','malesuada',13,'2015-05-11',5,13766.00,140),('4B4885D6-8556-729E-D17E-A006827E63F6','vitaecl',24,'2010-07-12',8,7354.00,104),('4DF83220-EA7B-176E-5ED3-26964CA83EA6','Nuncl',15,'2013-07-31',2,4350.00,102),('5011D286-4FB6-45FA-7BB4-B9E18228E44F','fast',20,'2019-03-05',12,9864.00,144),('531267E7-1B84-1929-82C0-6EDDE9C0657E','necatrcl',20,'2013-04-17',13,5359.00,109),('53C975A2-97C1-6C45-B79C-65D0BE2FE7A9','Aenean',15,'2019-12-06',6,12194.00,132),('58154622-20EE-18B3-7137-1A1C01CA1CCA','skill',25,'2010-09-20',13,2714.00,145),('5859DA49-B5E1-FC21-E26B-88116F5E26E7','tortor',26,'2015-06-17',2,11734.00,133),('59583B92-8125-00B4-E5E7-593309582377','tortor',20,'2019-04-23',10,14748.00,129),('59D7B8B1-5B08-7266-C86A-18CD08ECCB22','server',29,'2014-06-24',5,2646.00,113),('5A6CDCCE-06BE-3E8D-EEAF-8BD3DF6FDBC4','super',13,'2013-10-01',7,7741.00,112),('5E7DA2D2-E52F-AF6F-94A4-7C88C96AD7B9','ipsum.',15,'2015-01-28',6,2459.00,134),('62573148-A371-B380-C597-146C45C3BDC3','tortor',24,'2014-10-06',10,9600.00,140),('62585C45-D9F7-58B3-475D-E6EDDC187F42','In',13,'2015-01-07',4,3241.00,137),('6A380749-276E-7EFA-CBE4-9DF9C387D2CF','server',19,'2019-11-26',14,7538.00,105),('6DB57999-0911-7D29-3DC3-E1482DE409A3','ipsum.',10,'2016-03-23',1,3394.00,127),('6F36EEE2-A1DA-6169-694C-B5614C50ADC9','ametcl',15,'2010-10-02',9,8521.00,113),('732E6CEA-196D-9CA9-A06A-3413D9EC3C63','eu',11,'2010-06-26',9,951.00,137),('733D835C-E821-BD5E-CBC1-D9D16A8164B7','mattis.cl',17,'2013-01-09',12,13886.00,104),('74395D42-0A8D-ED77-CD01-AA729E5B1E6C','ligula',15,'2015-01-12',4,7577.00,145),('75D5D829-FF05-1A14-AEBA-06267CB23C12','ipsumcl',20,'2012-06-21',12,7424.00,109),('76BEDFA7-8253-27A3-B3E1-58383E59E2AE','molestie',18,'2014-04-30',13,8586.00,130),('76F956F1-3AB7-399F-6B4D-7DA37EC9992E','server',23,'2013-01-13',3,12322.00,108),('7E09B1C9-619C-8BE1-A961-69866E24BE5F','tortor',26,'2018-07-10',13,4476.00,143),('7E5D72BF-3807-D0A3-CA21-68E6266013BC','sericl',24,'2013-12-14',5,14748.00,119),('7ED8C824-3E98-3377-6D1E-C4B16A2F95D6','luctus',29,'2015-01-23',1,9600.00,131),('8335D872-177B-7C92-DAE9-7D0ED8E2F71A','Nulla',18,'2013-01-08',5,7646.00,134),('835E503D-EA54-E364-CB4B-715C7895AF3B','trascl',12,'2011-01-05',1,2423.00,120),('841170AB-08AE-61B3-616C-1E51EFD45F4E','server',11,'2010-12-10',4,14533.00,122),('8B29941E-D792-885E-79BA-6CCDDE127E11','vestibulum',28,'2019-03-23',5,14696.00,145),('8BAB351C-24DC-1BA2-BA6C-A88451C31CCC','libero',23,'2018-06-01',3,1790.00,140),('8BD969E6-4249-A5EF-5498-9D223CA578D4','Cras',17,'2019-03-21',1,2646.00,149),('8BFC2EDA-B1DB-9938-1ED2-2CD8029DBD22','seri',17,'2018-07-21',10,8656.00,125),('8DE76C42-C471-E120-A779-D4561896BFAD','sagittis.',16,'2018-06-13',11,2714.00,147),('8E121B5C-8531-D634-440E-5945DC8B36DE','tortor',24,'2012-06-02',10,8521.00,149),('958918C6-041C-0BD9-3B8E-C37B65296BC1','pede',25,'2019-06-21',5,14696.00,147),('95A1A843-B515-B555-73C4-866DE4F71371','tortorpr1',16,'2014-12-18',13,3760.00,109),('95D8E562-6E3B-FE7B-15A4-BFE27FB4A4A7','nibh',24,'2018-07-11',3,13486.00,129),('96D457CE-4972-AC80-7C66-797383AD2611','nisl',21,'2019-03-07',13,3394.00,133),('97119BE1-7E7D-E557-BAB4-0E4BC7BC9783','tortor',21,'2017-03-29',1,2423.00,129),('976A0BA5-3A3C-B128-14D5-C7DE14C80DC9','tortor',25,'2011-04-28',9,3014.00,141),('981B3FEE-C801-06BC-DC83-1BF9F45A99F2','Phasellus',25,'2016-07-25',11,14748.00,134),('98563779-168D-65DC-6C3F-891C92C21EA8','upward',29,'2018-06-29',6,7424.00,146),('9EEB9A0E-9D6A-DC83-FE13-4AB335B4EF4B','goldcl',24,'2012-03-13',9,3241.00,116),('9F359419-951E-C303-B570-E073A174BAB3','iaculis',14,'2019-09-17',6,14533.00,140),('9F71D9AB-7645-C40A-3112-03E25554BE51','jac',17,'2013-07-20',9,10036.00,148),('A07E75DB-4A97-31D2-E964-5B69A07E6D3B','nibh.',16,'2012-05-13',13,7922.00,142),('A1B2DB25-E779-18DC-3138-37BEC7A39275','etcl',12,'2016-05-01',4,11734.00,116),('A2B00E81-C339-D8AB-D52C-99312738C33C','justo',19,'2010-10-19',9,11948.00,142),('A32E2960-8AB7-1523-5671-29655CAB72E8','tortor',24,'2011-12-06',5,2646.00,148),('A6AA8AAA-C223-F8A3-6D7B-C378934E29AA','bloomcl',20,'2016-04-10',14,10036.00,110),('A6E8B48B-35E7-00ED-1212-E5B4A72B72A6','road',25,'2019-11-06',11,13486.00,121),('A729782B-91DE-C60B-8607-833D8DEB65DA','silver',26,'2010-12-27',2,1301.00,141),('A72C6302-82D3-64DA-876B-4A6426A893CB','et',14,'2014-02-18',11,3760.00,148),('A769E036-B902-1A02-E926-6012FD3B6096','magna.',26,'2010-05-09',8,14533.00,136),('AA4F2B6F-88AC-AF0D-956C-EC1426A2DD75','exper',27,'2014-02-07',9,686.00,145),('AA88FEDB-C5EC-9476-C895-3E62A2A7814A','dapibuscl',11,'2018-06-06',3,10239.00,100),('AC876AEA-F568-7933-A7C4-4A2780121C3E','ipsum',18,'2018-04-05',2,9887.00,149),('AE7CD468-9D1E-8A8A-7779-5B82A5AB47C8','risus.cl',23,'2017-01-08',13,3014.00,101),('B157A53D-561C-365E-3951-F4EDFAE7FC5E','at',20,'2015-11-01',1,8586.00,140),('B4CB1CA5-D237-73CA-9434-C88372483228','type5',27,'2011-06-20',11,7741.00,149),('B621CC8A-9435-A43A-8EA3-6858C94133EE','luctus',19,'2016-05-06',3,11734.00,138),('B62D1AF2-1FB7-9EA3-D1B3-2A6E886401B8','server',11,'2019-04-01',15,13486.00,140),('B6C7FE35-5F86-BAA6-FFEC-6DF8E5DC5EA1','laoreet',29,'2015-07-14',13,12194.00,141),('B7639409-25A4-B729-25AE-B2DED1D889F1','portacl',26,'2014-04-08',6,9887.00,113),('B83B1B2C-3F15-A812-4BEB-5C18FD3646A1','odio',17,'2015-03-11',1,12194.00,136),('B87EA3AB-8A18-1591-63B2-0F5620E528A4','nunc.cl',18,'2019-01-25',8,14638.00,100),('B988F2EB-D3C3-827B-ADE9-B2BBD4B11F92','aliquet',17,'2019-01-08',5,7577.00,147),('B98F6EF1-E25D-0C00-B8CD-652882C3BB44','gold',22,'2013-05-18',15,4213.00,142),('BAA39FC2-D910-9719-0A68-CFA8DD582511','blanditcl',20,'2015-08-08',14,686.00,107),('BAA99F67-96A6-F013-0B3C-629BEFB4DDFD','risuscl',25,'2011-11-07',9,4673.00,107),('BADA5275-EB9A-F965-BC58-3E72C728F383','tortor',13,'2017-04-16',12,4673.00,144),('BD5F40F4-6ABD-34C8-347D-7666589EDBFF','server',24,'2013-03-11',7,951.00,115),('BEA63321-51A5-8928-B412-69A86DE38517','risus',22,'2014-09-23',8,8586.00,135),('C395B5BB-ED4C-1DDB-7A86-806D2516AA1C','amet',24,'2012-11-07',12,13886.00,143),('C429C301-577A-BB78-48CC-FAB3BDFDC19B','loremcl',18,'2012-10-23',6,2714.00,107),('C439D6C6-069E-F6B5-FFBF-2D7082CC396A','et',24,'2010-11-20',3,3188.00,126),('C67D1B09-48A1-39B5-254E-42AA23BB48D8','Ut',15,'2018-06-15',14,9887.00,147),('C6975583-AED4-11CA-D1CF-E42BC29DEA29','silvercl',21,'2015-12-24',9,3494.00,111),('C7E7DC04-2C7C-5435-1EFE-46EC19BA5547','eucl',20,'2016-07-11',4,9864.00,106),('C9837436-963B-89DA-C17B-BD1B15C28AA4','enim.',25,'2015-10-04',3,11118.00,141),('CBFF25CD-922C-8F68-90DF-B9D5594C954A','lectus.',26,'2016-10-20',6,14748.00,139),('CFA12B93-A76D-FC54-5807-71972BFEEBA9','erat',24,'2016-12-14',4,3188.00,133),('D2121952-EE14-2050-AAAA-1269EE2E073A','ac',30,'2012-12-28',12,3241.00,125),('D283E628-EEBA-72AA-DBEB-54E3425D0AE9','ultriciespr2',20,'2012-12-30',2,7577.00,109),('D322F781-5803-5519-AEDD-D2BEB56F5AB3','sagittis.',22,'2015-06-11',9,2706.00,104),('D4111A53-F2B7-FC5F-A93D-607AD89BA29E','luctuspr2',15,'2012-01-03',11,1805.00,103),('D41E5589-017E-201D-06B2-4C49D2C54AA1','Aliquam',20,'2012-12-12',12,7741.00,148),('D65820E6-B4C3-C4C1-38AC-99D69184C3C1','server',14,'2017-08-05',10,11734.00,126),('D662DAC6-E412-6CD9-7CA8-48E36C35D846','odio',27,'2013-11-24',9,13766.00,130),('D7899F59-A182-D83D-4A5C-36EDA50D7589','Nunc',29,'2015-11-16',5,2706.00,143),('D915275C-54A2-741B-86E1-BA8418F4E26F','dolor',28,'2015-11-09',2,2459.00,138),('D961FB82-1177-D4EA-7437-80A8C6B6F92D','jinu',20,'2010-03-07',8,12194.00,124),('D9B97B4A-683E-C874-C603-E6D68E1E3352','vulputate',16,'2013-03-10',12,5359.00,147),('D9C21EB4-7C74-B64E-4669-A8102D3B5D3A','laoreet',20,'2013-09-24',3,8521.00,149),('DA338BC1-4831-B3A1-E2E8-C066739A8236','seri',27,'2011-03-13',9,3760.00,147),('DAAB5B61-612D-C757-493F-0A9E6C44DC53','tortor',25,'2014-04-04',4,8521.00,147),('DC37D72C-CDC2-B862-A5C0-618D77587680','nibh.',27,'2018-03-24',7,3188.00,138),('DC4D6385-12F4-4415-93B2-4B45C91BA1B4','mollis.',26,'2014-03-23',9,10036.00,148),('DDD66138-59CA-4A78-6461-1CE94776DA8D','server',17,'2019-12-09',14,951.00,133),('DFE5C66C-9F7C-4E8E-BC2B-D39C833E748D','elementum',15,'2012-05-14',13,9887.00,149),('E18D5744-3323-3621-8ACC-0CDF71E6EB9B','jone',22,'2017-12-14',6,1301.00,123),('E1AB458A-9FC5-BBF4-4B49-C6848CBB927D','risus.',20,'2019-09-14',12,8586.00,121),('E33CC91D-944B-CD7C-4DC7-D62012D6C613','ante',22,'2013-09-27',6,951.00,125),('E39E215D-6DD6-7A61-3113-DF883865A1BC','tortor',28,'2012-01-25',2,13766.00,135),('E4AB6B32-76B9-264D-E14A-286F2C56E9B2','nascetur',20,'2017-11-18',6,2423.00,139),('E6911B38-2527-937E-1405-85372FC8DF7D','salem',23,'2016-11-19',10,1301.00,132),('E6BB23BC-1591-7AC5-2121-97D95DEA16CA','magna.',10,'2017-01-21',8,7646.00,129),('E840EA1E-7C03-B948-E80B-DCA4901554CE','ipsumcl',21,'2016-06-03',12,14696.00,108),('EA494C48-C0C8-D51A-9191-2115E36602F5','libero',18,'2016-02-01',15,2423.00,135),('EDAC80A8-D43D-3B29-B786-6FEBAA6C261C','silvercl',14,'2015-03-11',3,3188.00,117),('EE755261-15E7-1196-BA29-A5FB6CC829E0','ipsum.',14,'2012-02-27',11,1790.00,135),('EntServer','EntServerType',33,'2010-01-01',20,100000.00,100),('F75D9C21-AB61-D23D-E819-A8C5E872E3D6','libero',12,'2018-07-27',3,3241.00,133),('SE61E981-F9AF-81E6-DB34-D662389992D8','portacl',14,'2014-12-14',13,4213.00,102),('SEA2C586-88ED-A0A3-0C13-EECA13E394AB','server',25,'2014-08-17',12,13228.00,100),('SEE41781-8DDC-243F-B0F2-9F668BB5D279','risus.cl',28,'2016-11-23',11,13630.00,101),('SEEE28D6-943D-36CF-66B9-40A5E4DA679B','portacl',26,'2016-06-25',3,7922.00,103);
/*!40000 ALTER TABLE `hardware` ENABLE KEYS */;
UNLOCK TABLES;

--
-- Table structure for table `hwconnectedtohw`
--

DROP TABLE IF EXISTS `hwconnectedtohw`;
/*!40101 SET @saved_cs_client     = @@character_set_client */;
/*!50503 SET character_set_client = utf8mb4 */;
CREATE TABLE `hwconnectedtohw` (
  `SerialNo_1` varchar(50) NOT NULL,
  `ConnectedToSerialNo_2` varchar(50) NOT NULL,
  PRIMARY KEY (`SerialNo_1`,`ConnectedToSerialNo_2`),
  KEY `ConnectedToSerialNo_2` (`ConnectedToSerialNo_2`),
  CONSTRAINT `hwconnectedtohw_ibfk_1` FOREIGN KEY (`SerialNo_1`) REFERENCES `hardware` (`SerialNo`),
  CONSTRAINT `hwconnectedtohw_ibfk_2` FOREIGN KEY (`ConnectedToSerialNo_2`) REFERENCES `hardware` (`SerialNo`)
) ENGINE=InnoDB DEFAULT CHARSET=utf8mb4 COLLATE=utf8mb4_0900_ai_ci;
/*!40101 SET character_set_client = @saved_cs_client */;

--
-- Dumping data for table `hwconnectedtohw`
--

LOCK TABLES `hwconnectedtohw` WRITE;
/*!40000 ALTER TABLE `hwconnectedtohw` DISABLE KEYS */;
INSERT INTO `hwconnectedtohw` VALUES ('D4111A53-F2B7-FC5F-A93D-607AD89BA29E','2833D1B3-43B7-A852-71AE-16EDC15EDBCB'),('243E528C-01B8-4AB9-23D3-8E614853C3C1','3B71B1E8-16A5-3637-93A0-B567A585E859'),('2B4DC481-2CCA-670E-7A5D-F35E865662CB','3B71B1E8-16A5-3637-93A0-B567A585E859'),('6F36EEE2-A1DA-6169-694C-B5614C50ADC9','59D7B8B1-5B08-7266-C86A-18CD08ECCB22'),('B7639409-25A4-B729-25AE-B2DED1D889F1','59D7B8B1-5B08-7266-C86A-18CD08ECCB22'),('BAA39FC2-D910-9719-0A68-CFA8DD582511','6A380749-276E-7EFA-CBE4-9DF9C387D2CF'),('BAA99F67-96A6-F013-0B3C-629BEFB4DDFD','6A380749-276E-7EFA-CBE4-9DF9C387D2CF'),('C429C301-577A-BB78-48CC-FAB3BDFDC19B','6A380749-276E-7EFA-CBE4-9DF9C387D2CF'),('C7E7DC04-2C7C-5435-1EFE-46EC19BA5547','6A380749-276E-7EFA-CBE4-9DF9C387D2CF'),('531267E7-1B84-1929-82C0-6EDDE9C0657E','76F956F1-3AB7-399F-6B4D-7DA37EC9992E'),('5A6CDCCE-06BE-3E8D-EEAF-8BD3DF6FDBC4','76F956F1-3AB7-399F-6B4D-7DA37EC9992E'),('75D5D829-FF05-1A14-AEBA-06267CB23C12','76F956F1-3AB7-399F-6B4D-7DA37EC9992E'),('A6AA8AAA-C223-F8A3-6D7B-C378934E29AA','76F956F1-3AB7-399F-6B4D-7DA37EC9992E'),('C6975583-AED4-11CA-D1CF-E42BC29DEA29','76F956F1-3AB7-399F-6B4D-7DA37EC9992E'),('E840EA1E-7C03-B948-E80B-DCA4901554CE','76F956F1-3AB7-399F-6B4D-7DA37EC9992E'),('8BFC2EDA-B1DB-9938-1ED2-2CD8029DBD22','841170AB-08AE-61B3-616C-1E51EFD45F4E'),('D2121952-EE14-2050-AAAA-1269EE2E073A','841170AB-08AE-61B3-616C-1E51EFD45F4E'),('D961FB82-1177-D4EA-7437-80A8C6B6F92D','841170AB-08AE-61B3-616C-1E51EFD45F4E'),('E18D5744-3323-3621-8ACC-0CDF71E6EB9B','841170AB-08AE-61B3-616C-1E51EFD45F4E'),('E33CC91D-944B-CD7C-4DC7-D62012D6C613','841170AB-08AE-61B3-616C-1E51EFD45F4E'),('D283E628-EEBA-72AA-DBEB-54E3425D0AE9','95A1A843-B515-B555-73C4-866DE4F71371'),('01B0529C-1129-974D-BB5B-88219A1862B5','B62D1AF2-1FB7-9EA3-D1B3-2A6E886401B8'),('09654018-524F-2243-4F2A-5FA75C49CFCC','B62D1AF2-1FB7-9EA3-D1B3-2A6E886401B8'),('0FCDF0CD-7E59-AC7E-926D-E4963ED4D131','B62D1AF2-1FB7-9EA3-D1B3-2A6E886401B8'),('1218D01D-5680-D5C1-252A-6BABC43CE37A','B62D1AF2-1FB7-9EA3-D1B3-2A6E886401B8'),('17608456-4C36-34D9-DCA1-41FC6154770C','B62D1AF2-1FB7-9EA3-D1B3-2A6E886401B8'),('18FDD297-179A-D7CE-DDD3-6554F3F25FF8','B62D1AF2-1FB7-9EA3-D1B3-2A6E886401B8'),('2AC93A77-58B3-5BF7-7CC9-DA8DDA256D21','B62D1AF2-1FB7-9EA3-D1B3-2A6E886401B8'),('352A7DAE-5C28-6E4C-7B78-B95DC56B64AE','B62D1AF2-1FB7-9EA3-D1B3-2A6E886401B8'),('3EAF3ED1-7D4E-C18C-1E9E-AD13D6E5DB59','B62D1AF2-1FB7-9EA3-D1B3-2A6E886401B8'),('4145597A-33A8-109C-62D0-8F18EBE3FE9A','B62D1AF2-1FB7-9EA3-D1B3-2A6E886401B8'),('416B8A43-D9C6-C025-95C8-BC78AB561CE9','B62D1AF2-1FB7-9EA3-D1B3-2A6E886401B8'),('421DA85C-0BA9-7575-E8B3-D33F1E4547A8','B62D1AF2-1FB7-9EA3-D1B3-2A6E886401B8'),('49B3776E-4CB4-6B64-7B9D-01B5E8D119EE','B62D1AF2-1FB7-9EA3-D1B3-2A6E886401B8'),('49D158A8-8A28-0EC8-26BA-A68E279C8D57','B62D1AF2-1FB7-9EA3-D1B3-2A6E886401B8'),('5011D286-4FB6-45FA-7BB4-B9E18228E44F','B62D1AF2-1FB7-9EA3-D1B3-2A6E886401B8'),('58154622-20EE-18B3-7137-1A1C01CA1CCA','B62D1AF2-1FB7-9EA3-D1B3-2A6E886401B8'),('62573148-A371-B380-C597-146C45C3BDC3','B62D1AF2-1FB7-9EA3-D1B3-2A6E886401B8'),('74395D42-0A8D-ED77-CD01-AA729E5B1E6C','B62D1AF2-1FB7-9EA3-D1B3-2A6E886401B8'),('7E09B1C9-619C-8BE1-A961-69866E24BE5F','B62D1AF2-1FB7-9EA3-D1B3-2A6E886401B8'),('8B29941E-D792-885E-79BA-6CCDDE127E11','B62D1AF2-1FB7-9EA3-D1B3-2A6E886401B8'),('8BAB351C-24DC-1BA2-BA6C-A88451C31CCC','B62D1AF2-1FB7-9EA3-D1B3-2A6E886401B8'),('8BD969E6-4249-A5EF-5498-9D223CA578D4','B62D1AF2-1FB7-9EA3-D1B3-2A6E886401B8'),('8DE76C42-C471-E120-A779-D4561896BFAD','B62D1AF2-1FB7-9EA3-D1B3-2A6E886401B8'),('8E121B5C-8531-D634-440E-5945DC8B36DE','B62D1AF2-1FB7-9EA3-D1B3-2A6E886401B8'),('958918C6-041C-0BD9-3B8E-C37B65296BC1','B62D1AF2-1FB7-9EA3-D1B3-2A6E886401B8'),('976A0BA5-3A3C-B128-14D5-C7DE14C80DC9','B62D1AF2-1FB7-9EA3-D1B3-2A6E886401B8'),('98563779-168D-65DC-6C3F-891C92C21EA8','B62D1AF2-1FB7-9EA3-D1B3-2A6E886401B8'),('9F359419-951E-C303-B570-E073A174BAB3','B62D1AF2-1FB7-9EA3-D1B3-2A6E886401B8'),('9F71D9AB-7645-C40A-3112-03E25554BE51','B62D1AF2-1FB7-9EA3-D1B3-2A6E886401B8'),('A07E75DB-4A97-31D2-E964-5B69A07E6D3B','B62D1AF2-1FB7-9EA3-D1B3-2A6E886401B8'),('A2B00E81-C339-D8AB-D52C-99312738C33C','B62D1AF2-1FB7-9EA3-D1B3-2A6E886401B8'),('A32E2960-8AB7-1523-5671-29655CAB72E8','B62D1AF2-1FB7-9EA3-D1B3-2A6E886401B8'),('A729782B-91DE-C60B-8607-833D8DEB65DA','B62D1AF2-1FB7-9EA3-D1B3-2A6E886401B8'),('A72C6302-82D3-64DA-876B-4A6426A893CB','B62D1AF2-1FB7-9EA3-D1B3-2A6E886401B8'),('AA4F2B6F-88AC-AF0D-956C-EC1426A2DD75','B62D1AF2-1FB7-9EA3-D1B3-2A6E886401B8'),('AC876AEA-F568-7933-A7C4-4A2780121C3E','B62D1AF2-1FB7-9EA3-D1B3-2A6E886401B8'),('B157A53D-561C-365E-3951-F4EDFAE7FC5E','B62D1AF2-1FB7-9EA3-D1B3-2A6E886401B8'),('B4CB1CA5-D237-73CA-9434-C88372483228','B62D1AF2-1FB7-9EA3-D1B3-2A6E886401B8'),('B6C7FE35-5F86-BAA6-FFEC-6DF8E5DC5EA1','B62D1AF2-1FB7-9EA3-D1B3-2A6E886401B8'),('B988F2EB-D3C3-827B-ADE9-B2BBD4B11F92','B62D1AF2-1FB7-9EA3-D1B3-2A6E886401B8'),('B98F6EF1-E25D-0C00-B8CD-652882C3BB44','B62D1AF2-1FB7-9EA3-D1B3-2A6E886401B8'),('BADA5275-EB9A-F965-BC58-3E72C728F383','B62D1AF2-1FB7-9EA3-D1B3-2A6E886401B8'),('C395B5BB-ED4C-1DDB-7A86-806D2516AA1C','B62D1AF2-1FB7-9EA3-D1B3-2A6E886401B8'),('C67D1B09-48A1-39B5-254E-42AA23BB48D8','B62D1AF2-1FB7-9EA3-D1B3-2A6E886401B8'),('C9837436-963B-89DA-C17B-BD1B15C28AA4','B62D1AF2-1FB7-9EA3-D1B3-2A6E886401B8'),('D41E5589-017E-201D-06B2-4C49D2C54AA1','B62D1AF2-1FB7-9EA3-D1B3-2A6E886401B8'),('D7899F59-A182-D83D-4A5C-36EDA50D7589','B62D1AF2-1FB7-9EA3-D1B3-2A6E886401B8'),('D9B97B4A-683E-C874-C603-E6D68E1E3352','B62D1AF2-1FB7-9EA3-D1B3-2A6E886401B8'),('D9C21EB4-7C74-B64E-4669-A8102D3B5D3A','B62D1AF2-1FB7-9EA3-D1B3-2A6E886401B8'),('DA338BC1-4831-B3A1-E2E8-C066739A8236','B62D1AF2-1FB7-9EA3-D1B3-2A6E886401B8'),('DAAB5B61-612D-C757-493F-0A9E6C44DC53','B62D1AF2-1FB7-9EA3-D1B3-2A6E886401B8'),('DC4D6385-12F4-4415-93B2-4B45C91BA1B4','B62D1AF2-1FB7-9EA3-D1B3-2A6E886401B8'),('DFE5C66C-9F7C-4E8E-BC2B-D39C833E748D','B62D1AF2-1FB7-9EA3-D1B3-2A6E886401B8'),('15F89FA4-0E63-5FDE-FA9B-6F2B07829144','BD5F40F4-6ABD-34C8-347D-7666589EDBFF'),('1651C12B-98E5-9918-74DD-68218EBA8327','BD5F40F4-6ABD-34C8-347D-7666589EDBFF'),('2AA21831-25E2-E365-246B-7806C8A27281','BD5F40F4-6ABD-34C8-347D-7666589EDBFF'),('3B71B1E8-16A5-3637-93A0-B567A585E859','BD5F40F4-6ABD-34C8-347D-7666589EDBFF'),('7E5D72BF-3807-D0A3-CA21-68E6266013BC','BD5F40F4-6ABD-34C8-347D-7666589EDBFF'),('835E503D-EA54-E364-CB4B-715C7895AF3B','BD5F40F4-6ABD-34C8-347D-7666589EDBFF'),('9EEB9A0E-9D6A-DC83-FE13-4AB335B4EF4B','BD5F40F4-6ABD-34C8-347D-7666589EDBFF'),('A1B2DB25-E779-18DC-3138-37BEC7A39275','BD5F40F4-6ABD-34C8-347D-7666589EDBFF'),('A6E8B48B-35E7-00ED-1212-E5B4A72B72A6','BD5F40F4-6ABD-34C8-347D-7666589EDBFF'),('E1AB458A-9FC5-BBF4-4B49-C6848CBB927D','BD5F40F4-6ABD-34C8-347D-7666589EDBFF'),('EDAC80A8-D43D-3B29-B786-6FEBAA6C261C','BD5F40F4-6ABD-34C8-347D-7666589EDBFF'),('95A1A843-B515-B555-73C4-866DE4F71371','D283E628-EEBA-72AA-DBEB-54E3425D0AE9'),('2833D1B3-43B7-A852-71AE-16EDC15EDBCB','D4111A53-F2B7-FC5F-A93D-607AD89BA29E'),('26885C04-2364-3252-A877-B4C2448B6B88','D65820E6-B4C3-C4C1-38AC-99D69184C3C1'),('35C6CEE2-4E1E-2686-0669-D2B7BE0E56BB','D65820E6-B4C3-C4C1-38AC-99D69184C3C1'),('3D2518A6-3653-EDAE-8DD0-4530CE112BA4','D65820E6-B4C3-C4C1-38AC-99D69184C3C1'),('46D7D4E7-44EC-EE16-0568-85B2BAE184A5','D65820E6-B4C3-C4C1-38AC-99D69184C3C1'),('53C975A2-97C1-6C45-B79C-65D0BE2FE7A9','D65820E6-B4C3-C4C1-38AC-99D69184C3C1'),('59583B92-8125-00B4-E5E7-593309582377','D65820E6-B4C3-C4C1-38AC-99D69184C3C1'),('6DB57999-0911-7D29-3DC3-E1482DE409A3','D65820E6-B4C3-C4C1-38AC-99D69184C3C1'),('76BEDFA7-8253-27A3-B3E1-58383E59E2AE','D65820E6-B4C3-C4C1-38AC-99D69184C3C1'),('7ED8C824-3E98-3377-6D1E-C4B16A2F95D6','D65820E6-B4C3-C4C1-38AC-99D69184C3C1'),('95D8E562-6E3B-FE7B-15A4-BFE27FB4A4A7','D65820E6-B4C3-C4C1-38AC-99D69184C3C1'),('97119BE1-7E7D-E557-BAB4-0E4BC7BC9783','D65820E6-B4C3-C4C1-38AC-99D69184C3C1'),('C439D6C6-069E-F6B5-FFBF-2D7082CC396A','D65820E6-B4C3-C4C1-38AC-99D69184C3C1'),('D662DAC6-E412-6CD9-7CA8-48E36C35D846','D65820E6-B4C3-C4C1-38AC-99D69184C3C1'),('E6911B38-2527-937E-1405-85372FC8DF7D','D65820E6-B4C3-C4C1-38AC-99D69184C3C1'),('E6BB23BC-1591-7AC5-2121-97D95DEA16CA','D65820E6-B4C3-C4C1-38AC-99D69184C3C1'),('001A6B14-A6C6-93B5-213B-C8C5C6B9ABCF','DDD66138-59CA-4A78-6461-1CE94776DA8D'),('09FA368B-2CF5-A4B5-1E66-A3181F8B1464','DDD66138-59CA-4A78-6461-1CE94776DA8D'),('2CAD2C70-4451-ACAE-189E-43A32154DE8A','DDD66138-59CA-4A78-6461-1CE94776DA8D'),('37B8392C-5CAF-AA13-B125-88AD7B642357','DDD66138-59CA-4A78-6461-1CE94776DA8D'),('3DD7DA55-B8B2-5CBE-3BD8-AB2149879A03','DDD66138-59CA-4A78-6461-1CE94776DA8D'),('3E32C2B6-3930-6F3D-D792-C6BFCFD4D92B','DDD66138-59CA-4A78-6461-1CE94776DA8D'),('5859DA49-B5E1-FC21-E26B-88116F5E26E7','DDD66138-59CA-4A78-6461-1CE94776DA8D'),('5E7DA2D2-E52F-AF6F-94A4-7C88C96AD7B9','DDD66138-59CA-4A78-6461-1CE94776DA8D'),('62585C45-D9F7-58B3-475D-E6EDDC187F42','DDD66138-59CA-4A78-6461-1CE94776DA8D'),('732E6CEA-196D-9CA9-A06A-3413D9EC3C63','DDD66138-59CA-4A78-6461-1CE94776DA8D'),('8335D872-177B-7C92-DAE9-7D0ED8E2F71A','DDD66138-59CA-4A78-6461-1CE94776DA8D'),('96D457CE-4972-AC80-7C66-797383AD2611','DDD66138-59CA-4A78-6461-1CE94776DA8D'),('981B3FEE-C801-06BC-DC83-1BF9F45A99F2','DDD66138-59CA-4A78-6461-1CE94776DA8D'),('A769E036-B902-1A02-E926-6012FD3B6096','DDD66138-59CA-4A78-6461-1CE94776DA8D'),('B621CC8A-9435-A43A-8EA3-6858C94133EE','DDD66138-59CA-4A78-6461-1CE94776DA8D'),('B83B1B2C-3F15-A812-4BEB-5C18FD3646A1','DDD66138-59CA-4A78-6461-1CE94776DA8D'),('BEA63321-51A5-8928-B412-69A86DE38517','DDD66138-59CA-4A78-6461-1CE94776DA8D'),('CBFF25CD-922C-8F68-90DF-B9D5594C954A','DDD66138-59CA-4A78-6461-1CE94776DA8D'),('CFA12B93-A76D-FC54-5807-71972BFEEBA9','DDD66138-59CA-4A78-6461-1CE94776DA8D'),('D915275C-54A2-741B-86E1-BA8418F4E26F','DDD66138-59CA-4A78-6461-1CE94776DA8D'),('DC37D72C-CDC2-B862-A5C0-618D77587680','DDD66138-59CA-4A78-6461-1CE94776DA8D'),('E39E215D-6DD6-7A61-3113-DF883865A1BC','DDD66138-59CA-4A78-6461-1CE94776DA8D'),('E4AB6B32-76B9-264D-E14A-286F2C56E9B2','DDD66138-59CA-4A78-6461-1CE94776DA8D'),('EA494C48-C0C8-D51A-9191-2115E36602F5','DDD66138-59CA-4A78-6461-1CE94776DA8D'),('EE755261-15E7-1196-BA29-A5FB6CC829E0','DDD66138-59CA-4A78-6461-1CE94776DA8D'),('F75D9C21-AB61-D23D-E819-A8C5E872E3D6','DDD66138-59CA-4A78-6461-1CE94776DA8D'),('0975B73D-60AB-9D38-7176-145312AE5B75','EntServer'),('59D7B8B1-5B08-7266-C86A-18CD08ECCB22','EntServer'),('6A380749-276E-7EFA-CBE4-9DF9C387D2CF','EntServer'),('76F956F1-3AB7-399F-6B4D-7DA37EC9992E','EntServer'),('841170AB-08AE-61B3-616C-1E51EFD45F4E','EntServer'),('B62D1AF2-1FB7-9EA3-D1B3-2A6E886401B8','EntServer'),('BD5F40F4-6ABD-34C8-347D-7666589EDBFF','EntServer'),('D65820E6-B4C3-C4C1-38AC-99D69184C3C1','EntServer'),('DDD66138-59CA-4A78-6461-1CE94776DA8D','EntServer'),('SEA2C586-88ED-A0A3-0C13-EECA13E394AB','EntServer'),('047D216F-E32B-2354-98A9-C67178743C58','SEA2C586-88ED-A0A3-0C13-EECA13E394AB'),('2A2320A7-244C-D8AE-DF54-5BF116D36B14','SEA2C586-88ED-A0A3-0C13-EECA13E394AB'),('4B4885D6-8556-729E-D17E-A006827E63F6','SEA2C586-88ED-A0A3-0C13-EECA13E394AB'),('4DF83220-EA7B-176E-5ED3-26964CA83EA6','SEA2C586-88ED-A0A3-0C13-EECA13E394AB'),('733D835C-E821-BD5E-CBC1-D9D16A8164B7','SEA2C586-88ED-A0A3-0C13-EECA13E394AB'),('AA88FEDB-C5EC-9476-C895-3E62A2A7814A','SEA2C586-88ED-A0A3-0C13-EECA13E394AB'),('AE7CD468-9D1E-8A8A-7779-5B82A5AB47C8','SEA2C586-88ED-A0A3-0C13-EECA13E394AB'),('B87EA3AB-8A18-1591-63B2-0F5620E528A4','SEA2C586-88ED-A0A3-0C13-EECA13E394AB'),('D322F781-5803-5519-AEDD-D2BEB56F5AB3','SEA2C586-88ED-A0A3-0C13-EECA13E394AB'),('SE61E981-F9AF-81E6-DB34-D662389992D8','SEA2C586-88ED-A0A3-0C13-EECA13E394AB'),('SEE41781-8DDC-243F-B0F2-9F668BB5D279','SEA2C586-88ED-A0A3-0C13-EECA13E394AB'),('SEEE28D6-943D-36CF-66B9-40A5E4DA679B','SEA2C586-88ED-A0A3-0C13-EECA13E394AB');
/*!40000 ALTER TABLE `hwconnectedtohw` ENABLE KEYS */;
UNLOCK TABLES;

--
-- Table structure for table `manager`
--

DROP TABLE IF EXISTS `manager`;
/*!40101 SET @saved_cs_client     = @@character_set_client */;
/*!50503 SET character_set_client = utf8mb4 */;
CREATE TABLE `manager` (
  `MgrName` varchar(25) NOT NULL,
  `MgrID` int NOT NULL,
  PRIMARY KEY (`MgrID`)
) ENGINE=InnoDB DEFAULT CHARSET=utf8mb4 COLLATE=utf8mb4_0900_ai_ci;
/*!40101 SET character_set_client = @saved_cs_client */;

--
-- Dumping data for table `manager`
--

LOCK TABLES `manager` WRITE;
/*!40000 ALTER TABLE `manager` DISABLE KEYS */;
INSERT INTO `manager` VALUES ('Carlos Lawrence',100),('Clinton Heath',101),('Macaulay Pickett',102),('Hasad Mcfarland',103),('Marcia Wilkinson',104),('Murphy Cote',105),('Solomon Moreno',106),('Alfreda O\'brien',107),('Quinn Tanner',108),('Yeo Pickett',109),('Cain Rush',110),('Amir Cross',111),('Lara Fischer',112),('Joelle Walter',113),('Meredith Hines',114),('Patrick Hunt',115),('Savannah Clements',116),('Bo Nichols',117),('Moses Cooley',118),('Lysandra Velez',119),('Montana Shaffer',120),('Raphael Marks',121),('Isaiah Ramsey',122),('Jacob Park',123),('Quynn Barton',124),('Nerea Horton',125),('Matthew May',126),('Bruce Macias',127),('Upton Copeland',128),('Brennan Acevedo',129),('Jillian Kinney',130),('Josiah Cobb',131),('Scott Morton',132),('Leslie Morgan',133),('Noel Austin',134),('Halee Glenn',135),('Byron Mayer',136),('Barrett Gutierrez',137),('Yoshio Cannon',138),('Calista Hopkins',139),('Amber Larsen',140),('Quentin Barron',141),('Tanner Pacheco',142),('Yvonne Abbott',143),('Ria Hartman',144),('Cally Hayden',145),('Leilani Gordon',146),('Darryl Gray',147),('Nash Hendricks',148),('Tate Wilcox',149);
/*!40000 ALTER TABLE `manager` ENABLE KEYS */;
UNLOCK TABLES;

--
-- Table structure for table `software`
--

DROP TABLE IF EXISTS `software`;
/*!40101 SET @saved_cs_client     = @@character_set_client */;
/*!50503 SET character_set_client = utf8mb4 */;
CREATE TABLE `software` (
  `SwName` varchar(25) NOT NULL,
  `SwVerNo` int NOT NULL,
  `SwSellerName` varchar(25) NOT NULL,
  `SwDatePurchaced` date NOT NULL,
  `PurOrLic` char(1) NOT NULL,
  `SwExpireDate` date NOT NULL,
  `SwPrice` decimal(10,2) NOT NULL,
  `SwID` varchar(50) NOT NULL,
  PRIMARY KEY (`SwID`)
) ENGINE=InnoDB DEFAULT CHARSET=utf8mb4 COLLATE=utf8mb4_0900_ai_ci;
/*!40101 SET character_set_client = @saved_cs_client */;

--
-- Dumping data for table `software`
--

LOCK TABLES `software` WRITE;
/*!40000 ALTER TABLE `software` DISABLE KEYS */;
INSERT INTO `software` VALUES ('Software Name 1',17,'Maecenas Corp.','2015-07-11','L','2022-02-05',2693.00,'085EAA8D-57B4-DFCB-D083-CC1740814934'),('Software Name 2',27,'Congue A Company','2017-12-01','L','2024-11-14',13506.00,'095B8C7C-B8FF-E851-E955-E651525B1B82'),('Software Name 3',13,'Magna Foundation','2016-10-06','P','2024-04-03',12564.00,'1145C84E-C776-BDD5-74BA-DA35BA983AB4'),('Software Name 4',21,'Cras Limited','2019-04-25','P','2025-11-09',5984.00,'16768568-54C8-18CB-6241-1D34EF3932E5'),('Software Name 5',16,'Ornare In Foundation','2019-06-26','L','2022-03-07',211.00,'1D251755-3CBD-9664-1287-280C6D60666B'),('Software Name 6',22,'Ut Industries','2012-09-25','P','2022-07-08',12605.00,'1D4E2089-A513-5D63-5408-D3A008169C35'),('Software Name 7',27,'Rutrum Fusce Associates','2016-12-14','L','2025-08-16',11330.00,'1E70C439-418B-9792-A828-DA407DE44A48'),('Software Name 8',26,'Faucibus Id Libero Inc.','2018-05-12','P','2022-03-26',7860.00,'1EDAD251-3CDD-5242-786D-8C16976D35DD'),('Software Name 9',28,'Magna Malesuada LLP','2014-11-22','P','2021-12-31',6876.00,'2779601E-C2BE-314A-011A-2B3D74E84106'),('Software Name 10',19,'Imperdiet Limited','2018-03-02','L','2022-11-19',4891.00,'2C184621-4014-BEE8-1E61-6431A53DE484'),('Software Name 11',14,'Sit Amet LLP','2014-07-04','L','2022-01-29',4299.00,'2E571582-A7E8-B075-D6DC-46215BDC38B8'),('Software Name 12',12,'Sociis Foundation','2019-11-05','L','2025-01-24',6741.00,'2EA8CEBE-037B-6828-9CA6-0997E7124EE8'),('Software Name 13',28,'Eu Industries','2017-02-17','P','2020-09-05',13851.00,'33C3A99C-D3B3-068E-E7FC-596684063A2B'),('Software Name 14',24,'Felis Eget Institute','2010-12-12','P','2024-08-29',9787.00,'33C4C439-7F00-C43D-9C46-8D54C2B4A1B1'),('Software Name 15',17,'In Corporation','2017-12-05','P','2020-01-10',5431.00,'34AED576-9DD7-C84C-0970-D363840CD65C'),('Software Name 16',19,'Magna Inc.','2019-12-25','P','2021-04-05',8232.00,'35797252-75EE-3CD7-3B90-A65E8E986BA6'),('Software Name 17',24,'Turpis Company','2018-08-10','L','2024-03-10',811.00,'3D7CFA10-9496-251A-82AA-55514D933426'),('Software Name 18',26,'Eu Metus Corp.','2015-06-05','L','2022-07-16',9424.00,'43D22A2E-A632-5B8E-1B88-FDD01EA7CE4B'),('Software Name 19',23,'Ante Ltd','2018-12-27','L','2025-02-19',12698.00,'445452E9-5C94-D5F7-4DA2-C38EF6874404'),('Software Name 20',17,'Tempus Risus PC','2017-05-13','L','2025-11-28',8956.00,'46B5DEC5-0BAC-7D3C-ED42-B46E9F4E0916'),('Software Name 21',12,'Eget Laoreet Limited','2017-04-28','L','2025-03-21',743.00,'47DCAAA3-4D91-4335-AED7-6D1B08FBCC19'),('Software Name 22',23,'Purus Mauris LLC','2013-04-08','L','2022-07-28',3401.00,'48E3CE16-AC1A-31B5-7D2E-C912BF46CB50'),('Software Name 23',24,'Sed Dictum Corp.','2011-01-10','P','2022-02-11',925.00,'525AB7C7-BA93-2956-7115-523D32B16AA3'),('Software Name 24',13,'Urna Corporation','2012-03-31','L','2024-01-16',9981.00,'598E2B3A-CACD-6ABE-EA2D-78FDE0726A92'),('Software Name 25',14,'Egestas Duis Consulting','2018-10-04','P','2022-05-09',4423.00,'5AAB5AA6-5871-8D6E-F6B8-626CC2F9A176'),('Software Name 26',12,'Et Commodo Limited','2016-12-06','L','2021-12-31',8357.00,'5B9C9117-1AFA-5A4E-2429-44891A78C893'),('Software Name 27',14,'Eu Tellus Limited','2019-02-27','P','2024-08-08',1923.00,'5C70D413-A139-779E-39E6-25D914F02532'),('Software Name 28',27,'Odio Etiam Inc.','2014-08-30','P','2025-02-17',12330.00,'5DD840CD-91A3-0CD6-BCA2-9FD7838AA4C3'),('Software Name 29',16,'Diam Sed LLC','2011-05-12','P','2023-05-13',14369.00,'614A3682-D856-3352-9262-1D50B69F5863'),('Software Name 30',12,'Nibh Limited','2012-06-03','P','2025-09-17',5372.00,'65A552A1-C23B-A69A-0B36-367BC6DAE5CF'),('Software Name 31',19,'Nec Leo LLC','2017-07-23','L','2022-01-07',9964.00,'66A7B210-7C74-A4D5-8C7F-CE75219E6C25'),('Software Name 32',17,'Cras Dictum Company','2017-07-27','L','2021-04-14',6475.00,'6DE142E2-382B-BCC7-265F-D24FC648B8A5'),('Software Name 33',29,'Morbi Tristique Limited','2018-02-19','P','2025-02-13',5843.00,'716F47B4-138D-E544-5669-985ACC965B28'),('Software Name 34',18,'Ultricies Sem Limited','2017-06-04','P','2024-06-19',8865.00,'727B9407-A565-6E30-25C5-C53555DC8DD5'),('Software Name 35',16,'Metus Institute','2016-07-13','P','2024-06-02',10584.00,'7296477A-DCCA-98BA-3F62-EB435E9AEAD3'),('Software Name 36',12,'Placerat Velit Ltd','2012-11-25','L','2024-07-02',10466.00,'73F51395-9266-3DAE-3BD4-43BCAD56AE7F'),('Software Name 37',29,'Euismod Est Incorporated','2011-01-02','L','2020-04-15',3021.00,'76FCAE6D-2C93-A54D-7AFD-42956B57A26F'),('Software Name 38',29,'Cursus Luctus Ipsum LLP','2018-10-29','P','2020-04-21',11294.00,'77157961-2368-5A6F-D94F-A735DA74BB37'),('Software Name 39',11,'Fusce Associates','2011-05-23','L','2023-09-25',9386.00,'7986E3B8-4150-D867-06D1-964603FEE67C'),('Software Name 40',15,'Facilisi Sed Foundation','2014-12-03','L','2024-04-12',9740.00,'79E3D091-CB96-CA8E-75E9-A3AECA9D2905'),('Software Name 41',20,'Netus Limited','2013-08-01','P','2024-05-11',2655.00,'7A783C62-DAE3-CF72-8894-937A3C664275'),('Software Name 42',14,'Auctor Nunc LLP','2016-04-25','L','2023-06-17',12500.00,'7D37B41E-76AA-FC3E-1398-F5FC1948B5A4'),('Software Name 43',25,'Elit A Incorporated','2015-06-19','P','2021-11-19',7284.00,'7F8D8A98-5927-3F4D-0D2E-EA1AB9952686'),('Software Name 44',27,'Est PC','2013-12-24','L','2025-10-12',5983.00,'8282B47A-8A43-0E8D-279D-B8979FB73ECA'),('Software Name 45',11,'Rutrum Fusce Limited','2011-01-28','L','2023-10-27',10465.00,'89A0BB59-516D-55C5-3807-B43AC2C8D4AC'),('Software Name 46',22,'Cursus Diam Institute','2016-05-09','P','2025-09-29',9840.00,'8AC2F47D-C12B-5DCD-642B-86904BCE3717'),('Software Name 47',19,'Urna Limited','2018-07-29','L','2025-06-11',9090.00,'8C812C8F-10AB-1D1B-E68A-DC84CEB349E7'),('Software Name 48',20,'Nec Tempus Industries','2017-05-12','P','2022-07-06',1812.00,'948D318F-E1EE-7ECB-6C42-8ECD64697337'),('Software Name 49',14,'Sit Limited','2011-10-21','L','2022-06-19',7307.00,'95414E50-9D90-F118-BEBB-81B9829C6E8D'),('Software Name 50',11,'Non Sapien Corporation','2018-02-01','P','2022-04-27',4750.00,'96D80BF9-DC7D-B82F-3656-072986EA8444'),('Software Name 51',20,'Vehicula Et Consulting','2014-04-29','P','2024-05-26',565.00,'9D4C094A-9DDE-62BF-F2CC-D87A62754D53'),('Software Name 52',18,'Euismod Limited','2015-02-26','P','2022-03-20',9004.00,'9E144961-2A69-7668-2470-644C9E3FF9D1'),('Software Name 53',21,'Sed Corporation','2014-04-07','L','2023-08-26',8038.00,'9E628996-70ED-4CDB-DA68-8D3EA5A3D8A2'),('Software Name 54',11,'Gravida Sagittis LLC','2013-11-10','L','2022-03-11',13690.00,'9EB7639A-665C-3402-5D26-2FED14759AC4'),('Software Name 55',28,'Ante Maecenas Mi LLP','2013-06-12','L','2022-09-17',11006.00,'A33A13A5-90E9-CBAE-D95B-64C1D2C0AE77'),('Software Name 56',19,'Est Arcu Foundation','2017-08-14','L','2022-07-09',10831.00,'A4BDF058-3130-7767-129C-4B94B7DEA39D'),('Software Name 57',28,'Vestibulum Neque Sed Inc.','2019-12-04','P','2021-07-15',777.00,'B0761CF3-6935-3CDE-87DC-2ECAD734422A'),('Software Name 58',12,'Fringilla Purus Corp.','2014-04-03','L','2021-07-02',11611.00,'B1DB3C3C-6977-A928-4457-CAE7E1FCE1D5'),('Software Name 59',20,'Sed LLP','2018-07-11','L','2021-05-22',9009.00,'B33E17B9-A316-D154-14DF-1A4562D07BB0'),('Software Name 60',14,'Tempor Arcu Ltd','2019-05-06','P','2025-06-08',12140.00,'B6D59B9B-52E6-F989-5592-53D7609259B6'),('Software Name 61',11,'Semper Cursus Integer PC','2015-08-01','L','2021-08-09',14330.00,'B7ABB150-96D1-4736-ED04-B43DE56A51B3'),('Software Name 62',16,'Vivamus Non LLC','2018-07-16','P','2025-12-10',5727.00,'B816C430-753C-323E-A561-C171532E5C18'),('Software Name 63',20,'Enim Nec Limited','2010-07-23','L','2023-05-29',6987.00,'B81D646D-B855-9AB2-2A8C-E0E38D33C26E'),('Software Name 64',19,'Ultrices Vivamus LLC','2010-05-23','P','2024-05-22',7454.00,'BDA931A6-99A8-C92C-A774-9FD1E19E8BD1'),('Software Name 65',28,'Ut Associates','2010-12-25','P','2023-01-29',835.00,'BF54A311-CE79-EFE5-943D-D63AB3E5E134'),('Software Name 66',24,'Sollicitudin A LLP','2015-04-13','L','2024-02-16',2430.00,'BFDF0298-652E-A6A7-C5A6-BA87965D7C6C'),('Software Name 67',18,'Leo LLC','2010-05-20','P','2021-03-18',4440.00,'C5BAC3CC-32D8-C155-D613-3D9DA97D6531'),('Software Name 68',22,'Diam Company','2017-04-22','P','2024-06-11',915.00,'CE4E68BE-0248-1E0B-CC72-FD0AE781079C'),('Software Name 69',14,'Elit Dictum Institute','2019-09-21','P','2022-01-22',7968.00,'CFE42230-66E3-45E4-CD99-B723B206D414'),('Software Name 70',22,'Aliquam Erat Associates','2010-01-13','P','2024-02-08',1134.00,'D55CE031-9E52-ABB4-8793-97A4BFB15839'),('Software Name 71',15,'Sit Amet Metus Foundation','2013-10-02','P','2021-10-12',9478.00,'D5A276EA-67C3-B4A7-3B79-319B222F7FA6'),('Software Name 72',23,'Laoreet Inc.','2017-11-26','P','2023-12-13',11373.00,'D7C01D37-1444-5E1E-CAAD-AB6F2A4B5382'),('Software Name 73',28,'Sed Nunc LLC','2018-03-15','P','2024-06-04',2377.00,'DD914AC1-46B7-8EAC-906A-31D49CAD6C7D'),('Software Name 74',18,'Et Malesuada Corp.','2011-03-16','L','2025-06-29',8415.00,'DE427E1F-4C6F-4487-528E-BB1283AE741D'),('Software Name 75',30,'Nec Industries','2018-08-08','P','2024-05-07',8219.00,'E176C12C-E2A8-3CD5-CA2D-8534A55BB833'),('Software Name 76',24,'Placerat Velit LLP','2016-02-29','L','2021-08-30',14450.00,'E5588AE9-A957-7001-1AC8-9D75B0742C94'),('Software Name 77',23,'Pede Blandit Congue LLP','2019-10-30','P','2023-04-07',2414.00,'E991D56C-66C5-709E-FDD6-7B649AEA9EFD'),('Software Name 78',16,'Malesuada Vel Corp.','2018-05-22','P','2023-08-21',8139.00,'EB2AAB94-4A70-A97A-3E4D-79776D1C82A4'),('Software Name 79',21,'Leo Vivamus Company','2010-02-13','P','2024-12-27',5647.00,'EC2B388D-92B6-E8D8-6B4E-21CABBC892BE'),('Software Name 80',26,'Lectus LLP','2017-09-23','P','2021-05-16',11811.00,'ECE3AA2C-5222-94CA-E1CD-CD265CFC885C'),('Software Name 81',18,'Sagittis Duis Industries','2019-10-18','P','2021-07-25',1717.00,'ECE69DBC-0EAE-4E97-A587-7268CBD28EA9'),('Software Name 82',10,'Non Lacinia Limited','2017-01-30','L','2022-03-09',8789.00,'F93DC6FC-A43A-A21E-BE34-67A4CD93F386');
/*!40000 ALTER TABLE `software` ENABLE KEYS */;
UNLOCK TABLES;

--
-- Table structure for table `swinstalledonhw`
--

DROP TABLE IF EXISTS `swinstalledonhw`;
/*!40101 SET @saved_cs_client     = @@character_set_client */;
/*!50503 SET character_set_client = utf8mb4 */;
CREATE TABLE `swinstalledonhw` (
  `SwID` varchar(50) NOT NULL,
  `SerialNo` varchar(50) NOT NULL,
  PRIMARY KEY (`SwID`,`SerialNo`),
  KEY `SerialNo` (`SerialNo`),
  CONSTRAINT `swinstalledonhw_ibfk_1` FOREIGN KEY (`SwID`) REFERENCES `software` (`SwID`),
  CONSTRAINT `swinstalledonhw_ibfk_2` FOREIGN KEY (`SerialNo`) REFERENCES `hardware` (`SerialNo`)
) ENGINE=InnoDB DEFAULT CHARSET=utf8mb4 COLLATE=utf8mb4_0900_ai_ci;
/*!40101 SET character_set_client = @saved_cs_client */;

--
-- Dumping data for table `swinstalledonhw`
--

LOCK TABLES `swinstalledonhw` WRITE;
/*!40000 ALTER TABLE `swinstalledonhw` DISABLE KEYS */;
INSERT INTO `swinstalledonhw` VALUES ('085EAA8D-57B4-DFCB-D083-CC1740814934','001A6B14-A6C6-93B5-213B-C8C5C6B9ABCF'),('095B8C7C-B8FF-E851-E955-E651525B1B82','01B0529C-1129-974D-BB5B-88219A1862B5'),('1145C84E-C776-BDD5-74BA-DA35BA983AB4','047D216F-E32B-2354-98A9-C67178743C58'),('16768568-54C8-18CB-6241-1D34EF3932E5','09654018-524F-2243-4F2A-5FA75C49CFCC'),('1D251755-3CBD-9664-1287-280C6D60666B','0975B73D-60AB-9D38-7176-145312AE5B75'),('1D4E2089-A513-5D63-5408-D3A008169C35','09FA368B-2CF5-A4B5-1E66-A3181F8B1464'),('1E70C439-418B-9792-A828-DA407DE44A48','0FCDF0CD-7E59-AC7E-926D-E4963ED4D131'),('1EDAD251-3CDD-5242-786D-8C16976D35DD','1218D01D-5680-D5C1-252A-6BABC43CE37A'),('2779601E-C2BE-314A-011A-2B3D74E84106','15F89FA4-0E63-5FDE-FA9B-6F2B07829144'),('2C184621-4014-BEE8-1E61-6431A53DE484','1651C12B-98E5-9918-74DD-68218EBA8327'),('2E571582-A7E8-B075-D6DC-46215BDC38B8','17608456-4C36-34D9-DCA1-41FC6154770C'),('2EA8CEBE-037B-6828-9CA6-0997E7124EE8','18FDD297-179A-D7CE-DDD3-6554F3F25FF8'),('33C3A99C-D3B3-068E-E7FC-596684063A2B','243E528C-01B8-4AB9-23D3-8E614853C3C1'),('33C4C439-7F00-C43D-9C46-8D54C2B4A1B1','26885C04-2364-3252-A877-B4C2448B6B88'),('34AED576-9DD7-C84C-0970-D363840CD65C','2833D1B3-43B7-A852-71AE-16EDC15EDBCB'),('35797252-75EE-3CD7-3B90-A65E8E986BA6','2A2320A7-244C-D8AE-DF54-5BF116D36B14'),('3D7CFA10-9496-251A-82AA-55514D933426','2AA21831-25E2-E365-246B-7806C8A27281'),('43D22A2E-A632-5B8E-1B88-FDD01EA7CE4B','2AC93A77-58B3-5BF7-7CC9-DA8DDA256D21'),('445452E9-5C94-D5F7-4DA2-C38EF6874404','2B4DC481-2CCA-670E-7A5D-F35E865662CB'),('46B5DEC5-0BAC-7D3C-ED42-B46E9F4E0916','2CAD2C70-4451-ACAE-189E-43A32154DE8A'),('47DCAAA3-4D91-4335-AED7-6D1B08FBCC19','352A7DAE-5C28-6E4C-7B78-B95DC56B64AE'),('48E3CE16-AC1A-31B5-7D2E-C912BF46CB50','35C6CEE2-4E1E-2686-0669-D2B7BE0E56BB'),('525AB7C7-BA93-2956-7115-523D32B16AA3','37B8392C-5CAF-AA13-B125-88AD7B642357'),('598E2B3A-CACD-6ABE-EA2D-78FDE0726A92','3B71B1E8-16A5-3637-93A0-B567A585E859'),('5AAB5AA6-5871-8D6E-F6B8-626CC2F9A176','3D2518A6-3653-EDAE-8DD0-4530CE112BA4'),('5B9C9117-1AFA-5A4E-2429-44891A78C893','3DD7DA55-B8B2-5CBE-3BD8-AB2149879A03'),('5C70D413-A139-779E-39E6-25D914F02532','3E32C2B6-3930-6F3D-D792-C6BFCFD4D92B'),('5DD840CD-91A3-0CD6-BCA2-9FD7838AA4C3','3EAF3ED1-7D4E-C18C-1E9E-AD13D6E5DB59'),('614A3682-D856-3352-9262-1D50B69F5863','4145597A-33A8-109C-62D0-8F18EBE3FE9A'),('65A552A1-C23B-A69A-0B36-367BC6DAE5CF','416B8A43-D9C6-C025-95C8-BC78AB561CE9'),('66A7B210-7C74-A4D5-8C7F-CE75219E6C25','421DA85C-0BA9-7575-E8B3-D33F1E4547A8'),('6DE142E2-382B-BCC7-265F-D24FC648B8A5','46D7D4E7-44EC-EE16-0568-85B2BAE184A5'),('716F47B4-138D-E544-5669-985ACC965B28','49B3776E-4CB4-6B64-7B9D-01B5E8D119EE'),('727B9407-A565-6E30-25C5-C53555DC8DD5','49D158A8-8A28-0EC8-26BA-A68E279C8D57'),('7296477A-DCCA-98BA-3F62-EB435E9AEAD3','4B4885D6-8556-729E-D17E-A006827E63F6'),('73F51395-9266-3DAE-3BD4-43BCAD56AE7F','4DF83220-EA7B-176E-5ED3-26964CA83EA6'),('76FCAE6D-2C93-A54D-7AFD-42956B57A26F','5011D286-4FB6-45FA-7BB4-B9E18228E44F'),('77157961-2368-5A6F-D94F-A735DA74BB37','531267E7-1B84-1929-82C0-6EDDE9C0657E'),('7986E3B8-4150-D867-06D1-964603FEE67C','53C975A2-97C1-6C45-B79C-65D0BE2FE7A9'),('79E3D091-CB96-CA8E-75E9-A3AECA9D2905','58154622-20EE-18B3-7137-1A1C01CA1CCA'),('7A783C62-DAE3-CF72-8894-937A3C664275','5859DA49-B5E1-FC21-E26B-88116F5E26E7'),('7D37B41E-76AA-FC3E-1398-F5FC1948B5A4','59583B92-8125-00B4-E5E7-593309582377'),('7F8D8A98-5927-3F4D-0D2E-EA1AB9952686','59D7B8B1-5B08-7266-C86A-18CD08ECCB22'),('8282B47A-8A43-0E8D-279D-B8979FB73ECA','5A6CDCCE-06BE-3E8D-EEAF-8BD3DF6FDBC4'),('89A0BB59-516D-55C5-3807-B43AC2C8D4AC','5E7DA2D2-E52F-AF6F-94A4-7C88C96AD7B9'),('8AC2F47D-C12B-5DCD-642B-86904BCE3717','62573148-A371-B380-C597-146C45C3BDC3'),('8C812C8F-10AB-1D1B-E68A-DC84CEB349E7','62585C45-D9F7-58B3-475D-E6EDDC187F42'),('948D318F-E1EE-7ECB-6C42-8ECD64697337','6A380749-276E-7EFA-CBE4-9DF9C387D2CF'),('95414E50-9D90-F118-BEBB-81B9829C6E8D','6DB57999-0911-7D29-3DC3-E1482DE409A3'),('96D80BF9-DC7D-B82F-3656-072986EA8444','6F36EEE2-A1DA-6169-694C-B5614C50ADC9'),('9D4C094A-9DDE-62BF-F2CC-D87A62754D53','732E6CEA-196D-9CA9-A06A-3413D9EC3C63'),('9E144961-2A69-7668-2470-644C9E3FF9D1','733D835C-E821-BD5E-CBC1-D9D16A8164B7'),('9E628996-70ED-4CDB-DA68-8D3EA5A3D8A2','74395D42-0A8D-ED77-CD01-AA729E5B1E6C'),('9EB7639A-665C-3402-5D26-2FED14759AC4','75D5D829-FF05-1A14-AEBA-06267CB23C12'),('A33A13A5-90E9-CBAE-D95B-64C1D2C0AE77','76BEDFA7-8253-27A3-B3E1-58383E59E2AE'),('A4BDF058-3130-7767-129C-4B94B7DEA39D','76F956F1-3AB7-399F-6B4D-7DA37EC9992E'),('B0761CF3-6935-3CDE-87DC-2ECAD734422A','7E09B1C9-619C-8BE1-A961-69866E24BE5F'),('B1DB3C3C-6977-A928-4457-CAE7E1FCE1D5','7E5D72BF-3807-D0A3-CA21-68E6266013BC'),('B33E17B9-A316-D154-14DF-1A4562D07BB0','7ED8C824-3E98-3377-6D1E-C4B16A2F95D6'),('B6D59B9B-52E6-F989-5592-53D7609259B6','8335D872-177B-7C92-DAE9-7D0ED8E2F71A'),('B7ABB150-96D1-4736-ED04-B43DE56A51B3','835E503D-EA54-E364-CB4B-715C7895AF3B'),('B816C430-753C-323E-A561-C171532E5C18','841170AB-08AE-61B3-616C-1E51EFD45F4E'),('B81D646D-B855-9AB2-2A8C-E0E38D33C26E','8B29941E-D792-885E-79BA-6CCDDE127E11'),('BDA931A6-99A8-C92C-A774-9FD1E19E8BD1','8BAB351C-24DC-1BA2-BA6C-A88451C31CCC'),('BF54A311-CE79-EFE5-943D-D63AB3E5E134','8BD969E6-4249-A5EF-5498-9D223CA578D4'),('BFDF0298-652E-A6A7-C5A6-BA87965D7C6C','8BFC2EDA-B1DB-9938-1ED2-2CD8029DBD22'),('C5BAC3CC-32D8-C155-D613-3D9DA97D6531','8DE76C42-C471-E120-A779-D4561896BFAD'),('CE4E68BE-0248-1E0B-CC72-FD0AE781079C','8E121B5C-8531-D634-440E-5945DC8B36DE'),('CFE42230-66E3-45E4-CD99-B723B206D414','958918C6-041C-0BD9-3B8E-C37B65296BC1'),('D55CE031-9E52-ABB4-8793-97A4BFB15839','95A1A843-B515-B555-73C4-866DE4F71371'),('D5A276EA-67C3-B4A7-3B79-319B222F7FA6','95D8E562-6E3B-FE7B-15A4-BFE27FB4A4A7'),('B81D646D-B855-9AB2-2A8C-E0E38D33C26E','96D457CE-4972-AC80-7C66-797383AD2611'),('BDA931A6-99A8-C92C-A774-9FD1E19E8BD1','97119BE1-7E7D-E557-BAB4-0E4BC7BC9783'),('BF54A311-CE79-EFE5-943D-D63AB3E5E134','976A0BA5-3A3C-B128-14D5-C7DE14C80DC9'),('BFDF0298-652E-A6A7-C5A6-BA87965D7C6C','981B3FEE-C801-06BC-DC83-1BF9F45A99F2'),('C5BAC3CC-32D8-C155-D613-3D9DA97D6531','98563779-168D-65DC-6C3F-891C92C21EA8'),('CE4E68BE-0248-1E0B-CC72-FD0AE781079C','9EEB9A0E-9D6A-DC83-FE13-4AB335B4EF4B'),('CFE42230-66E3-45E4-CD99-B723B206D414','9F359419-951E-C303-B570-E073A174BAB3'),('D55CE031-9E52-ABB4-8793-97A4BFB15839','9F71D9AB-7645-C40A-3112-03E25554BE51'),('D5A276EA-67C3-B4A7-3B79-319B222F7FA6','A07E75DB-4A97-31D2-E964-5B69A07E6D3B'),('B81D646D-B855-9AB2-2A8C-E0E38D33C26E','A1B2DB25-E779-18DC-3138-37BEC7A39275'),('BDA931A6-99A8-C92C-A774-9FD1E19E8BD1','A2B00E81-C339-D8AB-D52C-99312738C33C'),('BF54A311-CE79-EFE5-943D-D63AB3E5E134','A32E2960-8AB7-1523-5671-29655CAB72E8'),('BFDF0298-652E-A6A7-C5A6-BA87965D7C6C','A6AA8AAA-C223-F8A3-6D7B-C378934E29AA'),('C5BAC3CC-32D8-C155-D613-3D9DA97D6531','A6E8B48B-35E7-00ED-1212-E5B4A72B72A6'),('CE4E68BE-0248-1E0B-CC72-FD0AE781079C','A729782B-91DE-C60B-8607-833D8DEB65DA'),('CFE42230-66E3-45E4-CD99-B723B206D414','A72C6302-82D3-64DA-876B-4A6426A893CB'),('D55CE031-9E52-ABB4-8793-97A4BFB15839','A769E036-B902-1A02-E926-6012FD3B6096'),('D5A276EA-67C3-B4A7-3B79-319B222F7FA6','AA4F2B6F-88AC-AF0D-956C-EC1426A2DD75'),('085EAA8D-57B4-DFCB-D083-CC1740814934','AA88FEDB-C5EC-9476-C895-3E62A2A7814A'),('095B8C7C-B8FF-E851-E955-E651525B1B82','AC876AEA-F568-7933-A7C4-4A2780121C3E'),('1145C84E-C776-BDD5-74BA-DA35BA983AB4','AE7CD468-9D1E-8A8A-7779-5B82A5AB47C8'),('16768568-54C8-18CB-6241-1D34EF3932E5','B157A53D-561C-365E-3951-F4EDFAE7FC5E'),('1D251755-3CBD-9664-1287-280C6D60666B','B4CB1CA5-D237-73CA-9434-C88372483228'),('1D4E2089-A513-5D63-5408-D3A008169C35','B621CC8A-9435-A43A-8EA3-6858C94133EE'),('1E70C439-418B-9792-A828-DA407DE44A48','B62D1AF2-1FB7-9EA3-D1B3-2A6E886401B8'),('1EDAD251-3CDD-5242-786D-8C16976D35DD','B6C7FE35-5F86-BAA6-FFEC-6DF8E5DC5EA1'),('2779601E-C2BE-314A-011A-2B3D74E84106','B7639409-25A4-B729-25AE-B2DED1D889F1'),('085EAA8D-57B4-DFCB-D083-CC1740814934','B83B1B2C-3F15-A812-4BEB-5C18FD3646A1'),('095B8C7C-B8FF-E851-E955-E651525B1B82','B87EA3AB-8A18-1591-63B2-0F5620E528A4'),('1145C84E-C776-BDD5-74BA-DA35BA983AB4','B988F2EB-D3C3-827B-ADE9-B2BBD4B11F92'),('16768568-54C8-18CB-6241-1D34EF3932E5','B98F6EF1-E25D-0C00-B8CD-652882C3BB44'),('1D251755-3CBD-9664-1287-280C6D60666B','BAA39FC2-D910-9719-0A68-CFA8DD582511'),('1D4E2089-A513-5D63-5408-D3A008169C35','BAA99F67-96A6-F013-0B3C-629BEFB4DDFD'),('1E70C439-418B-9792-A828-DA407DE44A48','BADA5275-EB9A-F965-BC58-3E72C728F383'),('1EDAD251-3CDD-5242-786D-8C16976D35DD','BD5F40F4-6ABD-34C8-347D-7666589EDBFF'),('2779601E-C2BE-314A-011A-2B3D74E84106','BEA63321-51A5-8928-B412-69A86DE38517'),('085EAA8D-57B4-DFCB-D083-CC1740814934','C395B5BB-ED4C-1DDB-7A86-806D2516AA1C'),('095B8C7C-B8FF-E851-E955-E651525B1B82','C429C301-577A-BB78-48CC-FAB3BDFDC19B'),('1145C84E-C776-BDD5-74BA-DA35BA983AB4','C439D6C6-069E-F6B5-FFBF-2D7082CC396A'),('16768568-54C8-18CB-6241-1D34EF3932E5','C67D1B09-48A1-39B5-254E-42AA23BB48D8'),('1D251755-3CBD-9664-1287-280C6D60666B','C6975583-AED4-11CA-D1CF-E42BC29DEA29'),('1D4E2089-A513-5D63-5408-D3A008169C35','C7E7DC04-2C7C-5435-1EFE-46EC19BA5547'),('1E70C439-418B-9792-A828-DA407DE44A48','C9837436-963B-89DA-C17B-BD1B15C28AA4'),('1EDAD251-3CDD-5242-786D-8C16976D35DD','CBFF25CD-922C-8F68-90DF-B9D5594C954A'),('2779601E-C2BE-314A-011A-2B3D74E84106','CFA12B93-A76D-FC54-5807-71972BFEEBA9'),('7A783C62-DAE3-CF72-8894-937A3C664275','D2121952-EE14-2050-AAAA-1269EE2E073A'),('7D37B41E-76AA-FC3E-1398-F5FC1948B5A4','D283E628-EEBA-72AA-DBEB-54E3425D0AE9'),('7F8D8A98-5927-3F4D-0D2E-EA1AB9952686','D322F781-5803-5519-AEDD-D2BEB56F5AB3'),('8282B47A-8A43-0E8D-279D-B8979FB73ECA','D4111A53-F2B7-FC5F-A93D-607AD89BA29E'),('89A0BB59-516D-55C5-3807-B43AC2C8D4AC','D41E5589-017E-201D-06B2-4C49D2C54AA1'),('8AC2F47D-C12B-5DCD-642B-86904BCE3717','D65820E6-B4C3-C4C1-38AC-99D69184C3C1'),('8C812C8F-10AB-1D1B-E68A-DC84CEB349E7','D662DAC6-E412-6CD9-7CA8-48E36C35D846'),('948D318F-E1EE-7ECB-6C42-8ECD64697337','D7899F59-A182-D83D-4A5C-36EDA50D7589'),('95414E50-9D90-F118-BEBB-81B9829C6E8D','D915275C-54A2-741B-86E1-BA8418F4E26F'),('96D80BF9-DC7D-B82F-3656-072986EA8444','D961FB82-1177-D4EA-7437-80A8C6B6F92D'),('7A783C62-DAE3-CF72-8894-937A3C664275','D9B97B4A-683E-C874-C603-E6D68E1E3352'),('7D37B41E-76AA-FC3E-1398-F5FC1948B5A4','D9C21EB4-7C74-B64E-4669-A8102D3B5D3A'),('7F8D8A98-5927-3F4D-0D2E-EA1AB9952686','DA338BC1-4831-B3A1-E2E8-C066739A8236'),('8282B47A-8A43-0E8D-279D-B8979FB73ECA','DAAB5B61-612D-C757-493F-0A9E6C44DC53'),('89A0BB59-516D-55C5-3807-B43AC2C8D4AC','DC37D72C-CDC2-B862-A5C0-618D77587680'),('8AC2F47D-C12B-5DCD-642B-86904BCE3717','DC4D6385-12F4-4415-93B2-4B45C91BA1B4'),('8C812C8F-10AB-1D1B-E68A-DC84CEB349E7','DDD66138-59CA-4A78-6461-1CE94776DA8D'),('948D318F-E1EE-7ECB-6C42-8ECD64697337','DFE5C66C-9F7C-4E8E-BC2B-D39C833E748D'),('95414E50-9D90-F118-BEBB-81B9829C6E8D','E18D5744-3323-3621-8ACC-0CDF71E6EB9B'),('96D80BF9-DC7D-B82F-3656-072986EA8444','E1AB458A-9FC5-BBF4-4B49-C6848CBB927D'),('9E628996-70ED-4CDB-DA68-8D3EA5A3D8A2','E33CC91D-944B-CD7C-4DC7-D62012D6C613'),('9EB7639A-665C-3402-5D26-2FED14759AC4','E39E215D-6DD6-7A61-3113-DF883865A1BC'),('A33A13A5-90E9-CBAE-D95B-64C1D2C0AE77','E4AB6B32-76B9-264D-E14A-286F2C56E9B2'),('A4BDF058-3130-7767-129C-4B94B7DEA39D','E6911B38-2527-937E-1405-85372FC8DF7D'),('B0761CF3-6935-3CDE-87DC-2ECAD734422A','E6BB23BC-1591-7AC5-2121-97D95DEA16CA'),('B1DB3C3C-6977-A928-4457-CAE7E1FCE1D5','E840EA1E-7C03-B948-E80B-DCA4901554CE'),('9E628996-70ED-4CDB-DA68-8D3EA5A3D8A2','EA494C48-C0C8-D51A-9191-2115E36602F5'),('9EB7639A-665C-3402-5D26-2FED14759AC4','EDAC80A8-D43D-3B29-B786-6FEBAA6C261C'),('A33A13A5-90E9-CBAE-D95B-64C1D2C0AE77','EE755261-15E7-1196-BA29-A5FB6CC829E0'),('A4BDF058-3130-7767-129C-4B94B7DEA39D','EntServer'),('B1DB3C3C-6977-A928-4457-CAE7E1FCE1D5','F75D9C21-AB61-D23D-E819-A8C5E872E3D6'),('9E628996-70ED-4CDB-DA68-8D3EA5A3D8A2','SE61E981-F9AF-81E6-DB34-D662389992D8'),('9EB7639A-665C-3402-5D26-2FED14759AC4','SEA2C586-88ED-A0A3-0C13-EECA13E394AB'),('A33A13A5-90E9-CBAE-D95B-64C1D2C0AE77','SEE41781-8DDC-243F-B0F2-9F668BB5D279'),('A4BDF058-3130-7767-129C-4B94B7DEA39D','SEEE28D6-943D-36CF-66B9-40A5E4DA679B');
/*!40000 ALTER TABLE `swinstalledonhw` ENABLE KEYS */;
UNLOCK TABLES;
/*!40103 SET TIME_ZONE=@OLD_TIME_ZONE */;

/*!40101 SET SQL_MODE=@OLD_SQL_MODE */;
/*!40014 SET FOREIGN_KEY_CHECKS=@OLD_FOREIGN_KEY_CHECKS */;
/*!40014 SET UNIQUE_CHECKS=@OLD_UNIQUE_CHECKS */;
/*!40101 SET CHARACTER_SET_CLIENT=@OLD_CHARACTER_SET_CLIENT */;
/*!40101 SET CHARACTER_SET_RESULTS=@OLD_CHARACTER_SET_RESULTS */;
/*!40101 SET COLLATION_CONNECTION=@OLD_COLLATION_CONNECTION */;
/*!40111 SET SQL_NOTES=@OLD_SQL_NOTES */;

-- Dump completed on 2023-11-28 16:47:12
