-- MySQL dump 10.13  Distrib 8.0.34, for Win64 (x86_64)
--
-- Host: localhost    Database: bankglobal_project
-- ------------------------------------------------------
-- Server version	8.0.34

/*!40101 SET @OLD_CHARACTER_SET_CLIENT=@@CHARACTER_SET_CLIENT */;
/*!40101 SET @OLD_CHARACTER_SET_RESULTS=@@CHARACTER_SET_RESULTS */;
/*!40101 SET @OLD_COLLATION_CONNECTION=@@COLLATION_CONNECTION */;
/*!50503 SET NAMES utf8 */;
/*!40103 SET @OLD_TIME_ZONE=@@TIME_ZONE */;
/*!40103 SET TIME_ZONE='+00:00' */;
/*!40014 SET @OLD_UNIQUE_CHECKS=@@UNIQUE_CHECKS, UNIQUE_CHECKS=0 */;
/*!40014 SET @OLD_FOREIGN_KEY_CHECKS=@@FOREIGN_KEY_CHECKS, FOREIGN_KEY_CHECKS=0 */;
/*!40101 SET @OLD_SQL_MODE=@@SQL_MODE, SQL_MODE='NO_AUTO_VALUE_ON_ZERO' */;
/*!40111 SET @OLD_SQL_NOTES=@@SQL_NOTES, SQL_NOTES=0 */;

--
-- Table structure for table `branch`
--

DROP TABLE IF EXISTS `branch`;
/*!40101 SET @saved_cs_client     = @@character_set_client */;
/*!50503 SET character_set_client = utf8mb4 */;
CREATE TABLE `branch` (
  `BrNumber` int NOT NULL,
  `BrName` varchar(50) NOT NULL,
  `TelNo` varchar(25) NOT NULL,
  `Street` varchar(50) NOT NULL,
  `City` varchar(25) NOT NULL,
  `State` varchar(2) NOT NULL,
  `ZipCode` varchar(10) NOT NULL,
  `ServerConnectedTo` varchar(50) NOT NULL,
  `MgrID` int NOT NULL,
  PRIMARY KEY (`BrNumber`),
  KEY `ServerConnectedTo` (`ServerConnectedTo`),
  KEY `MgrID` (`MgrID`),
  CONSTRAINT `branch_ibfk_1` FOREIGN KEY (`ServerConnectedTo`) REFERENCES `hardware` (`SerialNo`),
  CONSTRAINT `branch_ibfk_2` FOREIGN KEY (`MgrID`) REFERENCES `manager` (`MgrID`)
) ENGINE=InnoDB DEFAULT CHARSET=utf8mb4 COLLATE=utf8mb4_0900_ai_ci;
/*!40101 SET character_set_client = @saved_cs_client */;

--
-- Dumping data for table `branch`
--

LOCK TABLES `branch` WRITE;
/*!40000 ALTER TABLE `branch` DISABLE KEYS */;
INSERT INTO `branch` VALUES (1000,'Maile Dumont','(173) 383-2512','Ap #201-5011 Est, Ave','Toledo','KY','47784','RTQ46HMQ5EX',100),(1001,'Kelly Smet','(993) 796-1666','P.O. Box 885, 7182 Bibendum Av.','Covington','GA','62316','EJL44RWD6TZ',101),(1002,'Jana Chaput','(352) 858-2239','P.O. Box 682, 469 Sit St.','Rutland','CT','27762','JGT37WMD2FA',102),(1003,'Peter Bakhuizen','(644) 243-4651','Ap #480-4146 Pellentesque Rd.','Springfield','HI','84611','OYL43MIK5QB',103),(1004,'Brittany Hoedemaker','(230) 755-1576','653 Dolor St.','Pocatello','AK','81222','OKR17QXX3KU',104),(1005,'Sigourney Rademaker','(421) 828-7222','P.O. Box 865, 7523 Pretium Avenue','Oklahoma City','MT','44056','JGT37WMD2FA',105),(1006,'Adena Villenueve','(858) 525-3781','P.O. Box 403, 4309 Pellentesque Ave','West Valley City','LA','45637','RTQ46HMQ5EX',106),(1007,'Hiroko Geelen','(250) 325-3154','Ap #698-4475 Erat. Rd.','Lansing','OH','27082','WCC84BBE5PT',107),(1008,'Wing Lavigne','(416) 877-7974','Ap #696-3283 Quis, Rd.','Bangor','GA','11227','RTQ46HMQ5EX',108),(1009,'Micah Poirier','(756) 626-2122','749-2624 A, St.','Birmingham','HI','98661','OYL43MIK5QB',109),(1010,'Neil Van Assen','(766) 499-1704','984-498 Metus Ave','Seattle','DE','75385','HFK52LLO2BH',110),(1011,'Macon Brisbois','(792) 810-8237','797-8589 Urna Avenue','Fort Worth','VA','49289','UWG80LVM2SG',111),(1012,'Ingrid Bunschoten','(314) 673-8387','Ap #214-7976 Cras Rd.','Newark','MD','67965','JGT37WMD2FA',112),(1013,'Hedda Archambault','(242) 726-1393','Ap #357-2199 Est Avenue','Toledo','KS','54813','UWG80LVM2SG',113),(1014,'Seth Beauchene','(889) 938-5566','8325 Vitae, St.','Cambridge','IA','28899','EJL44RWD6TZ',114),(1015,'Lawrence Van Der Aart','(414) 665-8174','P.O. Box 914, 2881 Dui. Av.','Pike Creek','HI','71649','JGT37WMD2FA',115),(1016,'Benjamin Smet','(556) 643-6511','Ap #790-543 Morbi Rd.','Annapolis','CA','24346','RTQ46HMQ5EX',116),(1017,'Frances Peerenboom','(932) 551-6233','Ap #367-5337 Duis Road','Covington','OR','49841','JGT37WMD2FA',117),(1018,'Kennedy Janvier','(658) 954-3296','Ap #488-3876 Faucibus Rd.','Saint Louis','UT','51338','WCC84BBE5PT',118),(1019,'Alfonso Rademaker','(563) 856-7443','Ap #856-4937 Natoque Rd.','Fairbanks','DE','38389','RTQ46HMQ5EX',119),(1020,'Rhiannon Tremble','(706) 152-1374','P.O. Box 191, 4526 Neque Road','Springfield','VT','84150','WCC84BBE5PT',120),(1021,'Lois Cloutier','(468) 162-3864','445-9296 Orci Rd.','Tucson','CO','60927','JGT37WMD2FA',121),(1022,'India Savatier','(183) 309-3083','2133 Ante Avenue','Owensboro','CT','66158','OYL43MIK5QB',122),(1023,'Dara Klein','(456) 679-2146','5594 Libero. Street','Wichita','AL','33562','JGT37WMD2FA',123),(1024,'Doris Leroux','(885) 581-3713','588-3575 Sed Street','Jefferson City','WA','44475','HFK52LLO2BH',124),(1025,'Alfonso Bezuindenhout','(827) 957-6551','242-7047 Molestie Av.','Tucson','MD','95127','WCC84BBE5PT',125),(1026,'Evelyn Archambault','(759) 651-8773','P.O. Box 417, 8463 Sed, Av.','Sacramento','UT','47855','RTQ46HMQ5EX',126),(1027,'Amos Chaput','(526) 623-5661','Ap #291-8777 Sit Rd.','Topeka','HI','99621','HFK52LLO2BH',127),(1028,'Dacey Janvier','(462) 556-7453','4357 Ipsum Avenue','Racine','AZ','70149','EJL44RWD6TZ',128),(1029,'Forrest Savatier','(835) 187-0947','Ap #281-4625 Sodales St.','Fort Smith','VT','68745','EJL44RWD6TZ',129),(1030,'Orson Smet','(373) 717-4144','617-6233 Tempor Rd.','Lewiston','IL','54863','HFK52LLO2BH',130),(1031,'Ishmael Berger','(728) 356-8931','Ap #226-9777 Nec St.','Kailua','TX','86174','HFK52LLO2BH',131),(1032,'Drake Beauchene','(587) 139-5920','Ap #257-2047 Fringilla. Rd.','Waterbury','MD','67751','OYL43MIK5QB',132),(1033,'Ignacia Villenueve','(781) 141-2501','Ap #979-4254 Elit, St.','Baton Rouge','NV','70230','RTQ46HMQ5EX',133),(1034,'Whoopi Archambault','(155) 483-0773','410-2632 Mattis Av.','Kenosha','GA','81130','OKR17QXX3KU',134),(1035,'Bryar Tremble','(709) 733-8845','969-6302 Nascetur Ave','Southaven','GA','72436','OYL43MIK5QB',135),(1036,'Maya Beauchene','(677) 401-2381','681-3123 Ipsum Avenue','Nashville','TN','93722','EJL44RWD6TZ',136),(1037,'Walker Aarle','(801) 315-7446','6290 Ligula Road','Independence','KY','86782','RTQ46HMQ5EX',137),(1038,'Ezra Tremble','(768) 993-3687','238-9252 Fringilla Avenue','Frankfort','MI','32789','JGT37WMD2FA',138),(1039,'Maite Langlais','(201) 185-8403','611-9715 Arcu Rd.','Montgomery','OK','75625','OYL43MIK5QB',139),(1040,'Xyla Beauchene','(730) 254-1765','6494 Nisl St.','Cincinnati','HI','85025','JGT37WMD2FA',140),(1041,'Lilah Deforest','(514) 442-7593','3558 Nunc Ave','Akron','CA','56650','EJL44RWD6TZ',141),(1042,'Kirsten Dam','(466) 801-2186','Ap #886-2755 Lobortis St.','Cambridge','WI','42116','OKR17QXX3KU',142),(1043,'Bert Rademaker','(783) 262-5167','Ap #107-8931 Tellus Avenue','Springfield','NE','38151','OKR17QXX3KU',143),(1044,'Gannon Monet','(764) 451-2640','Ap #161-5850 Ornare, Rd.','Meridian','KY','60730','RTQ46HMQ5EX',144),(1045,'Hiroko Klein','(699) 232-7359','9807 Vestibulum St.','Colchester','HI','75847','UWG80LVM2SG',145),(1046,'Herman Aarle','(245) 479-8313','P.O. Box 118, 5749 Lobortis Avenue','Iowa City','CA','55854','OKR17QXX3KU',146),(1047,'Jacob Peerenboom','(911) 600-0642','Ap #328-4469 Ut Ave','Gresham','GA','47676','HFK52LLO2BH',147),(1048,'Jayme Vincent','(695) 316-9325','4445 Nullam Rd.','Tacoma','AZ','77308','JGT37WMD2FA',148),(1049,'Kamal Peeters','(436) 202-1037','5685 Risus Street','Annapolis','AL','38681','OKR17QXX3KU',149),(1050,'Zane Prinsen','(481) 738-3069','827-2464 Magnis Street','Bowling Green','KS','75048','JGT37WMD2FA',150),(1051,'Lance Bakhuizen','(877) 403-6561','382-622 Elementum, Rd.','Sacramento','WA','46434','OYL43MIK5QB',151),(1052,'Shelley Aaldenberg','(516) 177-4223','Ap #747-3629 Ut Rd.','Portland','MD','99765','EJL44RWD6TZ',152),(1053,'Yardley Aaldenberg','(527) 347-2574','P.O. Box 947, 2262 Massa. Road','Vancouver','MI','34023','HFK52LLO2BH',153),(1054,'Jessica Koopman','(424) 688-4210','737-5131 Non, Rd.','Spokane','KS','36122','RTQ46HMQ5EX',154),(1055,'Kristen Petit','(360) 877-7576','P.O. Box 282, 5692 Vitae, Rd.','Broken Arrow','NE','21866','UWG80LVM2SG',155),(1056,'Cade Hagen','(481) 527-8886','P.O. Box 402, 4960 Sed Ave','Owensboro','IA','83755','HFK52LLO2BH',156),(1057,'Burke Klein','(397) 635-3607','2020 Diam Street','Davenport','FL','64361','OKR17QXX3KU',157),(1058,'Michael Garcon','(836) 306-1857','8413 Convallis St.','Bloomington','VT','63814','OKR17QXX3KU',158),(1059,'Nash Bellamy','(674) 872-9152','Ap #950-5752 Id, St.','Nampa','MD','94088','WCC84BBE5PT',159),(1060,'Sharon Lemaire','(250) 322-5888','681-6064 Interdum Av.','Worcester','NV','44798','RTQ46HMQ5EX',160),(1061,'Samson Poulin','(252) 685-1682','635-8202 Nunc Rd.','Biloxi','AR','47645','OKR17QXX3KU',161),(1062,'Imani Dam','(867) 658-7134','601-1130 Nulla Rd.','Miami','WA','66614','RTQ46HMQ5EX',162),(1063,'Driscoll Archambault','(735) 791-6227','Ap #318-8741 Pellentesque Ave','Montgomery','AZ','29723','OYL43MIK5QB',163),(1064,'Aspen Poirier','(565) 288-6965','Ap #539-8854 Erat Road','Allentown','KY','91181','JGT37WMD2FA',164),(1065,'Jerome Poirier','(845) 525-5136','270-3585 Quis Av.','Reading','TN','91881','HFK52LLO2BH',165),(1066,'Prescott Lane','(804) 787-7425','979-4664 Etiam Av.','Vancouver','CO','89755','HFK52LLO2BH',166),(1067,'Lacey Haak','(633) 618-6472','2487 Ipsum Avenue','Fort Worth','HI','15216','UWG80LVM2SG',167),(1068,'Hamilton Elzinga','(282) 826-0173','6530 Vitae, Rd.','Grand Island','MS','27111','RTQ46HMQ5EX',168),(1069,'Galvin Lachapelle','(602) 169-4741','P.O. Box 967, 8850 Facilisi. St.','Sterling Heights','OH','34160','RTQ46HMQ5EX',169),(1070,'Vaughan Dumont','(612) 231-2163','3023 Libero. Ave','Missoula','TX','32365','JGT37WMD2FA',170),(1071,'Grace Heeren','(279) 327-6951','767-4532 Lacinia St.','Spokane','CA','94838','OKR17QXX3KU',171),(1072,'Brenden Berger','(802) 163-0329','583-5098 Morbi Avenue','Akron','NE','80435','OYL43MIK5QB',172),(1073,'Kareem Aakster','(352) 387-4695','P.O. Box 635, 8825 Cras Avenue','Bangor','PA','78676','EJL44RWD6TZ',173),(1074,'Cleo Hagen','(254) 677-6678','942-7607 Arcu Road','Casper','IL','86986','RTQ46HMQ5EX',174),(1075,'Melanie Marchand','(789) 507-8522','Ap #794-8773 Eget, St.','Dallas','MD','92651','HFK52LLO2BH',175),(1076,'Edan Poulin','(697) 350-4362','450-9234 Tristique Avenue','West Valley City','MD','78625','OKR17QXX3KU',176),(1077,'Ciaran Janssens','(254) 434-3721','P.O. Box 267, 4996 Nunc St.','Chicago','OK','92856','HFK52LLO2BH',177),(1078,'Patrick Marchand','(145) 366-6882','P.O. Box 716, 2811 Tristique Rd.','Houston','AZ','72017','RTQ46HMQ5EX',178),(1079,'Haley Jonker','(234) 372-4526','P.O. Box 220, 5389 Vitae, Rd.','Cheyenne','MI','42373','EJL44RWD6TZ',179),(1080,'Josephine Van Der Aart','(186) 562-5834','961-5417 Sed Rd.','Lansing','ME','89456','JGT37WMD2FA',180),(1081,'Charles Adrichem','(789) 518-0879','Ap #550-2854 Adipiscing Rd.','Orlando','AZ','22486','EJL44RWD6TZ',181),(1082,'Basil Maes','(367) 538-6475','Ap #314-3804 Magna Rd.','Aurora','WY','86247','UWG80LVM2SG',182),(1083,'Tara Van Alphen','(359) 281-7133','859-5378 Pede. Rd.','Bear','MI','94882','JGT37WMD2FA',183),(1084,'Otto De Witte','(518) 744-7884','Ap #101-4581 Egestas Av.','Wichita','WI','86430','HFK52LLO2BH',184),(1085,'Nichole Garcon','(524) 665-7508','8265 Vulputate St.','Springdale','FL','74552','OYL43MIK5QB',185),(1086,'Xenos Aaldenberg','(724) 817-2782','P.O. Box 602, 4218 Mus. Street','Columbia','OH','94428','WCC84BBE5PT',186),(1087,'Lev Garcon','(721) 266-5360','479-9985 Eget, Rd.','Tampa','FL','42163','OYL43MIK5QB',187),(1088,'Colt Berger','(324) 965-5175','7240 Bibendum. Road','Akron','CO','36621','WCC84BBE5PT',188),(1089,'Christen Monet','(632) 639-5739','P.O. Box 217, 5914 Consequat Street','South Bend','IL','61810','JGT37WMD2FA',189),(1090,'Ferris Hagen','(220) 362-7191','P.O. Box 362, 8930 Parturient Road','Tallahassee','MN','69391','UWG80LVM2SG',190),(1091,'Hermione Travers','(533) 137-4582','184-8095 Blandit Street','Cambridge','AZ','27582','OKR17QXX3KU',191),(1092,'Macaulay Lachapelle','(358) 611-3764','201-3615 Nisi. Road','Columbus','TN','40831','UWG80LVM2SG',192),(1093,'Caleb Mertens','(727) 130-1715','Ap #183-7812 Odio Street','Seattle','CT','14298','OYL43MIK5QB',193),(1094,'Hamish Janssens','(736) 828-1818','8001 Nascetur Rd.','Milwaukee','TN','60567','RTQ46HMQ5EX',194),(1095,'Cole Lamar','(587) 234-1426','Ap #280-7743 Sagittis Rd.','Detroit','LA','99627','JGT37WMD2FA',195),(1096,'Amelia Lane','(296) 836-0419','8565 Elementum, Street','Fresno','OK','75152','OKR17QXX3KU',196),(1097,'Deanna Proulx','(925) 558-1044','460-5971 Tempor Road','Tucson','MA','36083','HFK52LLO2BH',197),(1098,'Elaine Savatier','(685) 195-2765','342-9383 Nec Street','Vancouver','DE','42264','UWG80LVM2SG',198),(1099,'Quinn Offermans','(436) 621-3107','9251 Erat. Av.','Kearney','UT','63422','EJL44RWD6TZ',199);
/*!40000 ALTER TABLE `branch` ENABLE KEYS */;
UNLOCK TABLES;

--
-- Table structure for table `hardware`
--

DROP TABLE IF EXISTS `hardware`;
/*!40101 SET @saved_cs_client     = @@character_set_client */;
/*!50503 SET character_set_client = utf8mb4 */;
CREATE TABLE `hardware` (
  `SerialNo` varchar(50) NOT NULL,
  `Type` varchar(25) NOT NULL,
  `Model` int NOT NULL,
  `PurchaseDate` date NOT NULL,
  `WarrDurration` int NOT NULL,
  `Price` decimal(10,2) NOT NULL,
  `BrLocation` int NOT NULL DEFAULT '0',
  PRIMARY KEY (`SerialNo`),
  KEY `BrLocation` (`BrLocation`),
  CONSTRAINT `hardware_ibfk_1` FOREIGN KEY (`BrLocation`) REFERENCES `branch` (`BrNumber`)
) ENGINE=InnoDB DEFAULT CHARSET=utf8mb4 COLLATE=utf8mb4_0900_ai_ci;
/*!40101 SET character_set_client = @saved_cs_client */;

--
-- Dumping data for table `hardware`
--

LOCK TABLES `hardware` WRITE;
/*!40000 ALTER TABLE `hardware` DISABLE KEYS */;
INSERT INTO `hardware` VALUES ('AFV87FMQ9EM','Monitor',4275,'2024-06-20',5,1960.78,1019),('AHR10PPS2FW','Laptop',1970,'2024-04-01',7,2592.74,1010),('AXD41EPA2KV','Television',5839,'2024-10-10',3,6230.97,1093),('BER35HXJ5IC','BillCounter',1226,'2024-04-10',5,1132.45,1037),('BHA77WJP4SU','Desktop',5933,'2023-12-08',5,2759.42,1005),('BIM18ELJ2LJ','Desktop',5649,'2022-12-14',8,6559.79,1013),('CGC48TUI4BJ','Laptop',6467,'2023-05-25',1,9390.28,1052),('CMO44UFN2QL','Television',9271,'2023-05-14',1,4522.96,1020),('CNV54WGY7TS','Laptop',9900,'2022-11-23',1,2612.86,1046),('CSL85WQY6RV','CheckScanner',7327,'2024-10-10',6,3766.25,1069),('CWI67VAY8OI','Laptop',3374,'2023-09-08',3,6080.68,1007),('DEP74QBY5YX','Telephone',4008,'2024-09-17',8,8644.52,1028),('DES61SMF4WT','Television',9597,'2023-03-11',3,6279.54,1021),('EJL44RWD6TZ','Server',1474,'2023-01-05',2,6644.93,1021),('FME47TVV9CD','Monitor',7560,'2023-06-03',8,6446.13,1041),('FSR57MNX3HQ','Monitor',5676,'2023-01-16',4,3705.15,1044),('FVW35GOO2EK','Desktop',3841,'2024-07-07',2,9633.14,1098),('FXL25EDM0JQ','Desktop',8186,'2023-01-11',2,8292.68,1057),('GNE71BGB1UX','Laptop',1958,'2023-12-21',5,5968.77,1094),('GRP38HGS8BZ','Telephone',7984,'2024-04-30',1,8759.27,1097),('GTT25TDN8RF','BillCounter',1545,'2023-07-12',4,2840.95,1006),('HFJ60ZIE6TT','Television',1357,'2023-06-03',6,8440.75,1038),('HFK52LLO2BH','Server',9740,'2024-03-24',3,9208.77,1072),('HKK85OXD3FY','Monitor',5049,'2024-01-13',9,8538.15,1046),('HOS98ENW6JV','Laptop',8762,'2022-12-27',9,2627.05,1017),('HST64RUU8WS','Telephone',6604,'2023-12-03',2,4060.35,1048),('ICH76MIA4LS','Telephone',7002,'2023-03-11',10,5506.73,1087),('ICS57BOE3FK','Monitor',3676,'2023-08-07',4,9188.29,1092),('IHB46YAK0HT','Monitor',8578,'2023-06-23',5,3522.14,1002),('IWZ65DYD4SG','Monitor',1259,'2024-10-14',9,2966.59,1032),('JCA78PTK3DJ','Telephone',5126,'2023-01-17',7,1107.89,1054),('JEN33CYI7IP','Television',3753,'2023-01-27',3,7128.13,1075),('JFU53NLB5YC','BillCounter',2499,'2024-04-23',10,9564.01,1015),('JGT37WMD2FA','Server',1888,'2024-10-31',7,7235.69,1051),('JHE01HZB4BA','Desktop',9846,'2023-01-26',6,9061.97,1008),('JLB40RLD1ZB','Desktop',2944,'2023-08-03',1,7214.42,1087),('JQK86OFH6UG','BillCounter',1489,'2024-05-29',10,9581.86,1010),('KLN86NWN6KN','Monitor',2299,'2023-10-05',10,6284.27,1093),('KMA04EXG1HI','Monitor',6628,'2023-12-24',7,9357.38,1036),('LFI94JID7WW','Laptop',6747,'2022-11-20',5,5830.72,1099),('LWO95RMU5JS','Desktop',1555,'2023-10-20',3,1804.98,1089),('MEC82PBV1LJ','Telephone',1601,'2023-10-18',8,8250.86,1049),('MGS92UVY4UU','Telephone',8885,'2023-08-31',7,3999.64,1077),('MIO62MMC9WN','Television',7159,'2023-10-20',4,9264.02,1039),('MVH26MDN5VR','BillCounter',2150,'2023-04-15',3,3092.50,1065),('NCP27CDH6PT','Telephone',5208,'2024-04-06',9,5358.21,1009),('NKM58BBO8QY','Desktop',9513,'2024-01-18',7,5740.45,1051),('OKR17QXX3KU','Server',5335,'2023-03-04',2,3068.19,1029),('ONX89CTL6PY','Laptop',9110,'2024-05-03',8,5915.19,1092),('OQE65DCX2WI','Television',7871,'2024-08-28',9,2827.07,1071),('OVC04JTU3YY','BillCounter',6859,'2023-11-25',4,1128.76,1082),('OYL43MIK5QB','Server',3037,'2023-06-23',8,3297.68,1098),('PDJ23PDR2CG','BillCounter',8012,'2023-11-23',9,5657.82,1045),('PIJ95OJX7CD','CheckScanner',2156,'2024-09-02',7,1507.31,1031),('PKF39VUC6VV','Monitor',1911,'2023-04-02',4,6747.63,1019),('PKI22KRW2NC','BillCounter',7523,'2024-06-14',2,3502.79,1005),('QEO52JFK8LO','Laptop',4457,'2024-10-25',9,9530.50,1068),('QGW43PBN7PP','Monitor',5778,'2024-06-28',2,2397.63,1024),('QQV93VWQ1KH','Telephone',1791,'2023-02-26',1,4873.84,1017),('QYX46MLO6DV','Telephone',4341,'2023-12-29',2,5097.48,1015),('RGT26HWV8FN','Monitor',3538,'2024-05-14',3,8351.93,1025),('RKJ24DWD6SA','Telephone',2847,'2023-03-06',1,5570.34,1081),('RKX83SNI2VG','Telephone',1343,'2023-07-08',3,8904.31,1029),('RLC22HJV8MP','Telephone',1198,'2023-06-01',8,3661.85,1002),('ROE65ISY4XZ','Television',5955,'2023-07-17',5,5268.06,1022),('RTQ46HMQ5EX','Server',2709,'2023-01-30',7,5499.19,1007),('RVP33GKR3TF','Television',5512,'2022-12-17',5,3175.92,1069),('SKB68RCN0BZ','BillCounter',7143,'2024-07-09',9,1603.94,1024),('TCH73MDN6MT','Telephone',4346,'2023-09-18',7,5865.11,1012),('TFN88CCL4BU','Telephone',8985,'2023-07-13',10,8713.12,1089),('TJU32FLJ4XS','Telephone',1619,'2022-12-05',8,1468.25,1012),('TLP66VZZ1JI','Television',7373,'2023-12-21',5,1936.67,1091),('TNF61DZN8TF','BillCounter',3521,'2024-10-25',4,7999.68,1019),('TOM67LMW8CE','Telephone',7866,'2022-11-29',2,8220.82,1023),('TVR37ZKO6LB','Telephone',4816,'2023-12-27',9,1682.92,1058),('UAZ32OMJ2GH','Monitor',1424,'2023-01-14',3,3743.20,1024),('UBE38NUY2RN','Telephone',1460,'2023-04-15',3,6963.62,1044),('UKY54TVM5VX','Desktop',5306,'2023-06-08',4,3524.91,1048),('ULV11QSM5HB','Television',1795,'2022-12-05',1,2098.01,1008),('UNL36MOX4MS','Television',8269,'2024-02-18',2,4954.40,1096),('UQL32QDY3JH','Desktop',4698,'2023-01-28',4,1627.96,1060),('URB23USJ1SM','Monitor',9234,'2023-06-30',6,3364.28,1009),('UVC42QJB6VL','BillCounter',6379,'2023-01-03',7,8746.60,1066),('UWG80LVM2SG','Server',8835,'2024-08-09',2,8862.14,1004),('VAX44WFX3PK','BillCounter',7906,'2023-12-01',6,1411.11,1024),('VEW83QLJ5UN','Monitor',7145,'2024-08-13',1,5970.26,1006),('VIR11VOS5GR','Laptop',3613,'2023-10-15',7,2658.89,1060),('VLM01EYV8EO','Monitor',1743,'2024-04-23',3,4246.36,1081),('VME37VLV1FU','BillCounter',8869,'2023-06-06',9,2130.93,1026),('WCC84BBE5PT','Server',2158,'2023-10-24',9,7401.14,1089),('WCE62MKR0ZK','Desktop',1395,'2024-07-27',8,4421.48,1067),('WVC38BFE4SW','Desktop',9479,'2024-08-06',5,4042.01,1070),('XHP88BFF5IF','Laptop',8023,'2024-10-15',9,7254.73,1048),('XNY19ZZK3SB','Television',8604,'2024-06-02',7,9836.30,1030),('XOP64ONL7PZ','Laptop',2178,'2024-10-27',6,3793.56,1007),('XXD84AWC4FH','Desktop',5749,'2023-04-08',7,9160.39,1046),('YUS27JDC2SS','Desktop',7167,'2023-06-14',9,9568.72,1011),('ZCX57EJN1MQ','Monitor',1528,'2023-04-08',4,2492.02,1017),('ZJG64PEN8DV','BillCounter',5070,'2024-01-20',9,1516.81,1050),('ZQY10UIR6OJ','Television',3243,'2024-02-22',1,7177.89,1002);
/*!40000 ALTER TABLE `hardware` ENABLE KEYS */;
UNLOCK TABLES;

--
-- Table structure for table `hwconnectedtohw`
--

DROP TABLE IF EXISTS `hwconnectedtohw`;
/*!40101 SET @saved_cs_client     = @@character_set_client */;
/*!50503 SET character_set_client = utf8mb4 */;
CREATE TABLE `hwconnectedtohw` (
  `SerialNo_1` varchar(50) NOT NULL,
  `ConnectedToSerialNo_2` varchar(50) NOT NULL,
  PRIMARY KEY (`SerialNo_1`,`ConnectedToSerialNo_2`),
  KEY `ConnectedToSerialNo_2` (`ConnectedToSerialNo_2`),
  CONSTRAINT `hwconnectedtohw_ibfk_1` FOREIGN KEY (`SerialNo_1`) REFERENCES `hardware` (`SerialNo`),
  CONSTRAINT `hwconnectedtohw_ibfk_2` FOREIGN KEY (`ConnectedToSerialNo_2`) REFERENCES `hardware` (`SerialNo`)
) ENGINE=InnoDB DEFAULT CHARSET=utf8mb4 COLLATE=utf8mb4_0900_ai_ci;
/*!40101 SET character_set_client = @saved_cs_client */;

--
-- Dumping data for table `hwconnectedtohw`
--

LOCK TABLES `hwconnectedtohw` WRITE;
/*!40000 ALTER TABLE `hwconnectedtohw` DISABLE KEYS */;
INSERT INTO `hwconnectedtohw` VALUES ('IHB46YAK0HT','EJL44RWD6TZ'),('RLC22HJV8MP','HFK52LLO2BH'),('ZQY10UIR6OJ','JGT37WMD2FA'),('UWG80LVM2SG','OKR17QXX3KU'),('BHA77WJP4SU','OYL43MIK5QB'),('PKI22KRW2NC','RTQ46HMQ5EX'),('GTT25TDN8RF','UWG80LVM2SG'),('VEW83QLJ5UN','WCC84BBE5PT');
/*!40000 ALTER TABLE `hwconnectedtohw` ENABLE KEYS */;
UNLOCK TABLES;

--
-- Table structure for table `manager`
--

DROP TABLE IF EXISTS `manager`;
/*!40101 SET @saved_cs_client     = @@character_set_client */;
/*!50503 SET character_set_client = utf8mb4 */;
CREATE TABLE `manager` (
  `MgrName` varchar(25) NOT NULL,
  `MgrID` int NOT NULL,
  PRIMARY KEY (`MgrID`)
) ENGINE=InnoDB DEFAULT CHARSET=utf8mb4 COLLATE=utf8mb4_0900_ai_ci;
/*!40101 SET character_set_client = @saved_cs_client */;

--
-- Dumping data for table `manager`
--

LOCK TABLES `manager` WRITE;
/*!40000 ALTER TABLE `manager` DISABLE KEYS */;
INSERT INTO `manager` VALUES ('Stone Vaughn',100),('Dean Trujillo',101),('Virginia May',102),('Brenda Donaldson',103),('Ethan Tillman',104),('Hasad Cameron',105),('Maia Hopkins',106),('Autumn Fulton',107),('Evelyn Coffey',108),('Abigail Pennington',109),('Leroy Boyd',110),('Rafael Odom',111),('Simon Perkins',112),('Jocelyn Porter',113),('Damian Dominguez',114),('Lilah Farmer',115),('Amal Mills',116),('Tasha Benton',117),('Madison Molina',118),('Ali Wong',119),('Beck Thornton',120),('Baxter Mays',121),('Caryn Hodge',122),('Ryder Dixon',123),('Abbot Hood',124),('Brian Middleton',125),('Jescie Molina',126),('Breanna Battle',127),('Brendan Orr',128),('Xenos Mckenzie',129),('Xavier Pickett',130),('Jillian Buckley',131),('Avram Tyler',132),('Raja Adams',133),('Jorden Hubbard',134),('Eugenia Valentine',135),('Karen Phillips',136),('Hoyt Graham',137),('Rebecca Curry',138),('Lucius Aguirre',139),('Erich Owen',140),('Channing Santiago',141),('Aurora Holt',142),('Ezekiel Fleming',143),('Orson Benson',144),('Duncan Freeman',145),('Ainsley Camacho',146),('Petra Rosario',147),('Savannah Palmer',148),('Valentine Luna',149),('Karina Chavez',150),('Ferris Solomon',151),('Sarah Carpenter',152),('Kasimir George',153),('Noel Kent',154),('Timothy Collier',155),('Tasha Schneider',156),('Riley Duffy',157),('Teegan Estes',158),('Paki Rutledge',159),('Alec Barlow',160),('Helen Bruce',161),('Jennifer Barnett',162),('Aurora Faulkner',163),('Adrian Lane',164),('Cassandra Casey',165),('Honorato Rosa',166),('Joelle Goodwin',167),('Xena Black',168),('Mallory Carver',169),('Guy Collier',170),('Kimberley Massey',171),('Dorothy Craig',172),('Xaviera Mcdaniel',173),('Thaddeus Moon',174),('Aileen Swanson',175),('Sacha Little',176),('Ignatius Lang',177),('Shelley Oneil',178),('Reagan Hooper',179),('Xander Nguyen',180),('Elton Galloway',181),('Ryan Finley',182),('Skyler Tucker',183),('Yasir Mcknight',184),('Ramona Hinton',185),('Amaya Carlson',186),('Ebony Gonzales',187),('Ahmed Floyd',188),('Vera Daniels',189),('Joseph Singleton',190),('Kellie Hardin',191),('Buckminster Drake',192),('Guy Aguilar',193),('Thor Cooke',194),('Rebekah Fernandez',195),('Kylan Spencer',196),('Sigourney Monroe',197),('Shad Daniel',198),('Hadassah Hartman',199);
/*!40000 ALTER TABLE `manager` ENABLE KEYS */;
UNLOCK TABLES;

--
-- Table structure for table `software`
--

DROP TABLE IF EXISTS `software`;
/*!40101 SET @saved_cs_client     = @@character_set_client */;
/*!50503 SET character_set_client = utf8mb4 */;
CREATE TABLE `software` (
  `SwName` varchar(25) NOT NULL,
  `SwVerNo` int NOT NULL,
  `SwSellerName` varchar(25) NOT NULL,
  `SwDatePurchaced` date NOT NULL,
  `PurOrLic` char(1) NOT NULL,
  `SwExpireDate` date NOT NULL,
  `SwPrice` decimal(10,2) NOT NULL,
  `SwID` varchar(50) NOT NULL,
  PRIMARY KEY (`SwID`)
) ENGINE=InnoDB DEFAULT CHARSET=utf8mb4 COLLATE=utf8mb4_0900_ai_ci;
/*!40101 SET character_set_client = @saved_cs_client */;

--
-- Dumping data for table `software`
--

LOCK TABLES `software` WRITE;
/*!40000 ALTER TABLE `software` DISABLE KEYS */;
INSERT INTO `software` VALUES ('#318eaa',874695238,'Kane Jindal','2024-09-17','N','2025-08-15',13.94,'05B643B5-640C-F626-CF14-C38DA517E91A'),('#55e02a',821437364,'Nell Raman','2022-12-30','Y','2026-11-07',7.96,'0AAD3736-0FAD-7511-47D6-3DDA89CEADD4'),('#e8fca6',864126061,'Winifred Vijaya','2023-06-05','N','2026-07-17',83.30,'0ACF0D97-4491-4FDB-5565-695EBC82A597'),('#b5e8ff',328382867,'Roary Sai','2023-04-23','N','2026-07-08',87.09,'0D1C1766-65A6-9624-DADB-51DB884544D7'),('#176b7a',978435773,'Kareem Chande','2024-10-06','Y','2025-06-26',97.91,'135CD8B5-E2A1-BD6C-1D55-CC0E622B8D69'),('#f9c2da',850106882,'Venus Nirmal','2024-09-17','N','2025-02-10',84.29,'151BBA18-3C6D-24DF-4CE3-ADFCF854BE40'),('#ba7539',747735176,'Rachel Sharma','2024-06-25','N','2025-01-13',76.85,'15217C49-5367-3288-08EE-E2097663C822'),('#4c6dba',519726653,'Simon Raje','2024-02-24','Y','2026-05-24',51.24,'152D3453-9955-FA73-B756-CDA241AB4826'),('#74ed5e',445832945,'Venus Aggarwal','2024-01-09','Y','2024-11-26',24.38,'1B34A166-1DEB-9848-D192-D883B359F156'),('#afffaf',446623817,'Kathleen Charan','2024-09-02','Y','2026-08-24',63.59,'1E4457D4-1898-BBC9-F311-B72DD78938C9'),('#d6a022',843785042,'Avram Malik','2024-01-13','N','2026-10-07',47.33,'1E8C5574-8171-C41B-CC07-2F1E2B78D449'),('#85e298',313287178,'Catherine Pal','2022-11-16','N','2025-06-11',0.54,'1EA8059D-1DDB-6578-11E8-828A19BDEAC0'),('#8aeaba',27213552,'Dylan Nirmal','2023-05-03','N','2026-10-25',22.58,'1FDDB3E4-D3B2-3E85-9A4D-67319B139387'),('#4b56ed',382878954,'Hedley Rajan','2024-02-24','N','2025-11-13',65.98,'203848E5-5D02-C65E-83BF-43151D1C3B93'),('#a6fcaa',478985423,'Paula Pawan','2023-12-06','Y','2026-06-04',15.58,'235DB11B-E767-9AA8-2A86-A524AF47C2BC'),('#cbed6f',464199778,'Rashad Shan','2023-07-19','N','2026-10-11',86.85,'25F66577-9414-9213-9731-187360BA937F'),('#bf03ac',854421078,'Jane Joshi','2023-09-30','Y','2026-03-31',13.83,'2658419A-E2EB-59B4-D775-5BFBC3B97775'),('#edbf71',321647891,'Donovan Meena','2023-05-09','Y','2026-04-28',45.87,'2A25AE2C-2299-B2B2-048A-4532C26592CC'),('#0808b2',19215503,'Kato Verma','2024-03-24','Y','2025-06-08',32.80,'2E5C782C-C10E-B1B9-66C8-72B31AA3358A'),('#fcc7d0',27153159,'Duncan Rajan','2024-11-05','Y','2024-12-07',19.42,'323B7D75-9866-B3AE-B542-D28E35159D3B'),('#dba56f',714815031,'Graham Tyagi','2023-10-23','N','2025-03-01',91.50,'334E6ACC-5264-C42A-9CA3-213265DC8B63'),('#1c77d8',481326455,'Kelly Nara','2024-08-15','N','2025-03-17',17.09,'341CEAEE-593A-53F6-B575-A55DB37334A2'),('#96f7df',95729391,'Ferris Srivastava','2024-02-01','N','2026-10-13',89.33,'36D7F67B-DC1C-BC24-70AC-91860A568E32'),('#ffc89b',560862856,'Brenda Sen','2024-02-27','N','2026-05-16',51.80,'36D8CAA4-D2B1-402C-3DC1-A117A2D01ED9'),('#ed2180',48711558,'Ulric Tyagi','2024-01-01','N','2026-01-11',53.39,'38881222-AF0A-1710-8721-D31DD664D6BA'),('#bc8929',492858038,'Caryn Rana','2023-10-20','Y','2025-11-08',68.14,'389DE2AE-54D3-E668-8EC8-7633903D42DC'),('#473df7',378239733,'Nasim Chandrasekar','2024-04-12','N','2025-10-12',51.83,'3A973120-D057-9E43-2D49-64D364D22E39'),('#20f985',197761423,'Brock Nara','2023-07-06','N','2024-12-21',23.49,'3B9129ED-9041-25DA-2F3E-12AAEACA5519'),('#8036b5',269547328,'Keith Krishnamurthy','2023-06-23','N','2026-03-30',29.38,'42A36846-88EB-F073-8146-D1DE61B01D61'),('#846de0',923463633,'Patrick Neel','2024-08-31','N','2025-02-14',91.24,'45A843D5-28E6-BBC0-1DE9-349A3AB15183'),('#3777cc',715531421,'Rhea Chande','2024-03-12','N','2026-03-26',8.45,'45C65F33-C697-1E76-93A4-2A226263938C'),('#181c7c',630330751,'Jolene Sudha','2022-12-11','Y','2025-11-14',70.17,'461AA3C1-4417-8197-6338-EA6637139EB9'),('#2d378e',465319779,'Demetrius Chakrabarti','2023-04-21','Y','2026-01-23',82.63,'4670D146-BBE7-DB00-9383-AA7BD316B649'),('#03616d',652547808,'Donna Srini','2023-04-26','N','2026-02-28',83.00,'48504CED-16A9-E613-D3B3-C4BE125EBD0C'),('#30bf1a',488244671,'Malcolm Nath','2024-10-02','N','2026-04-04',94.97,'4B388DA5-E3B0-9BEB-40DC-D7C457627233'),('#f9f93e',754485766,'Jasper Chauhan','2023-01-14','N','2026-09-08',43.19,'4C72EFED-3127-691A-B45D-AE73F0C3A8C3'),('#74aa16',597724337,'Imani Chandra','2024-05-17','Y','2025-12-19',10.40,'4CB14975-1AB6-7F84-1F57-E67E62A4214E'),('#e2587d',716054055,'Jin Subramanian','2023-09-12','Y','2026-08-23',31.05,'4EC1E7E2-6EB3-9EC8-D5D5-5051227C34EE'),('#80cc08',153073434,'Alvin Roy','2023-11-21','N','2026-07-31',2.13,'5493B0AC-149E-502F-4A87-5B9A6A4616A3'),('#3190c6',585028894,'Molly Nagpal','2024-07-18','Y','2025-08-09',63.50,'5575CABD-36FD-1E74-1557-1E18ECF465DC'),('#dcffb2',418345061,'Caesar Suri','2024-02-14','Y','2025-09-14',83.80,'59803DB8-D5E1-DB9B-249D-221416D8426E'),('#f58dfc',282068664,'Ruby Nirmal','2023-01-28','N','2026-03-18',39.43,'5C523117-C29A-46CB-A614-01F47D1839AE'),('#6a61e8',352314122,'Kim Persaud','2024-06-20','Y','2025-03-01',48.08,'5E641A97-5BBC-882E-A4B3-3D5BEDEC23B3'),('#f9741b',157551058,'Wynter Srivas','2023-05-29','N','2025-05-31',80.06,'603015C3-52A5-072C-ADCA-E1C89339DA64'),('#4702f7',481130675,'Zoe Manju','2023-10-03','Y','2025-09-18',39.15,'6179DA19-DA87-D417-5D1A-4574B2E364BD'),('#4fbf16',105326531,'Calvin Meena','2023-04-17','Y','2025-03-11',10.05,'63EF0B8D-75AE-9D09-0B8C-429724DBD869'),('#90c421',116055609,'Joseph Jana','2024-10-11','Y','2025-04-27',11.59,'68FE7F31-8E82-9FF8-1758-1B4DBEB65B6E'),('#f9b6ee',878731642,'Colton Nara','2024-03-14','Y','2025-07-23',8.30,'6CD14BEE-0EE1-D69A-D58C-AB6CD449AEBD'),('#e0069f',196089990,'Galvin Chander','2024-10-15','N','2026-06-02',29.39,'70D4B979-A3DD-841E-91CE-D337E6B61D73'),('#9947bc',471619914,'Regina Rajan','2024-06-11','Y','2026-05-25',1.19,'7355C41C-69DB-181C-2C29-4BCB301A6AE1'),('#30aa20',437368727,'Arthur Prasad','2023-04-28','Y','2026-03-31',96.09,'746038EC-2772-4BFE-E4BF-2CABC1E3BA46'),('#705bf7',321567546,'Noelani Mehra','2024-04-11','N','2026-10-09',40.16,'7813CE4C-7161-6D67-19BB-699DA951E2D7'),('#edd776',303658347,'Melyssa Sharma','2023-02-28','Y','2026-02-27',5.89,'7D9C2B0E-D6BD-ECEB-217F-E7B28937162E'),('#ffe6c1',842915598,'Lucy Vish','2024-02-16','Y','2026-02-28',51.90,'828F735A-D160-21D4-EFB6-311BC2E2A268'),('#f1c2f9',32937331,'Derek Chauhan','2023-03-29','Y','2024-12-03',1.70,'82B491E8-E473-3404-5114-148DE81D785E'),('#db061b',615521284,'Amery Vijaya','2024-04-27','Y','2025-12-08',93.07,'8758D330-627A-EB38-6428-A1CE8035B7A1'),('#f2b0d0',215851516,'Kelsie Puri','2023-08-02','N','2025-11-18',72.14,'8B9AD4ED-9177-25C4-B275-4C18B7CBA896'),('#e6f968',67754002,'Juliet Bhat','2024-07-12','N','2025-04-01',78.99,'8C1C022E-7295-589C-B180-AB249AFDABBD'),('#beb2f7',416314471,'Chaim Neelam','2023-01-10','Y','2025-02-22',68.74,'90032DFD-145B-366E-1414-25B09B0D71B9'),('#5b48a8',190301334,'Louis Sudha','2023-02-25','N','2026-07-19',98.48,'922D4EA4-7272-6FE9-7607-02E7C14ACEF0'),('#7bf295',221381342,'Rashad Madan','2023-10-29','Y','2025-11-05',18.26,'9442D6DE-9178-B248-4CC8-1B8E84C193C6'),('#ed02e1',474621345,'Fay Malik','2023-04-07','N','2025-07-28',11.67,'96C9A71C-7222-3D99-561A-195747455A18'),('#a33b0e',568545397,'Marcia Gandhi','2024-08-11','N','2025-03-18',7.09,'97AD68D3-545C-86AA-9BE9-A8A1CAA85A37'),('#f78592',893327813,'Garrett Narayan','2023-03-28','N','2024-12-13',96.33,'9A1FB257-DC9C-8364-8399-C24B37F55F53'),('#85cbe2',204792615,'Dale Muthu','2023-11-19','Y','2024-11-22',42.79,'9E671482-56CE-B7E0-955A-281EE0440A72'),('#15d843',226377066,'Abel Vijaya','2024-03-25','Y','2026-10-20',52.87,'A296DD2E-3F18-27B3-642D-16D3928F675E'),('#bb09e2',563680581,'Alma Srini','2024-11-05','N','2026-01-24',1.72,'A2C53332-2C68-385C-C9DC-7DE757ECDCC4'),('#f7adce',293253182,'Palmer Roy','2024-08-06','N','2026-03-10',76.53,'A5350CB2-02E9-C245-3924-899B8B88DD75'),('#c8ea4b',639468257,'Jeanette Anand','2023-11-21','N','2026-06-06',35.80,'A5AD33B9-9371-7E8A-2CF0-9543D98CAEAB'),('#db1c49',476648465,'Guy Raji','2023-02-08','Y','2025-08-26',63.83,'A7219961-2D79-F2A8-CAA7-E2916ABFD13C'),('#9965f2',107466842,'Joshua Puri','2024-02-14','Y','2026-06-05',79.26,'A9A277BF-F6AE-EAE4-788D-D5712706EE62'),('#3d8dbf',268626454,'Caesar Pal','2024-06-22','Y','2026-05-31',41.11,'AA1ECE6B-7558-C115-0A32-B5F7EA48EB6C'),('#fc99ec',736239653,'Louis Subramanian','2023-08-13','N','2025-06-12',62.24,'AC5D9F51-87D1-97C2-B7E8-1E54B89A5EAE'),('#ad0805',171440845,'Hyatt Shan','2023-12-01','N','2026-03-27',94.30,'AD59BA27-C8C7-9A35-51AA-959DBD4A8B16'),('#0a3768',776042843,'Daphne Manohar','2024-05-30','N','2025-07-27',1.51,'AD76E78D-64BF-F426-E018-A66620B8A55F'),('#0c6396',477283714,'Azalia Sethi','2024-07-08','N','2025-04-29',52.43,'ADEE779E-695B-E451-8B25-7D96C97C98F8'),('#578cba',913116284,'Maxine Mehra','2024-07-22','N','2026-08-10',61.51,'B18149E5-A482-82E7-BAA5-14B1B21CCADA'),('#f762f4',104568975,'Dacey Dhawan','2023-08-31','N','2026-10-26',26.48,'B3B6154F-8381-36EB-25D3-938F1E323A74'),('#dbdb08',615112558,'Arden Roy','2023-07-01','N','2026-04-05',46.77,'B467D2EC-7260-9095-4DF5-E054D826DB43'),('#3a94b7',166228066,'Colby Roy','2024-10-07','N','2026-09-26',21.95,'B476ADA0-CA42-B264-4333-56D444927145'),('#c62ccc',584877786,'Stuart Ranga','2023-01-30','N','2025-01-02',65.60,'BA6E2EA2-A16B-AE95-CD1E-ECDA8B75429E'),('#eac785',267532168,'Stone Jindal','2023-09-24','N','2024-11-27',6.77,'BBAE5A36-E97B-5391-E963-57E18E1D928D'),('#26688e',345187746,'Cora Srini','2023-09-11','N','2026-11-14',68.84,'BDC11614-264B-1936-93AA-409B1ABAE105'),('#d3f78c',232752332,'Christen Sudha','2024-02-11','Y','2026-03-31',49.04,'C2688E2B-8434-49AB-3868-CD672417DFDC'),('#f7a0a7',786945742,'Hoyt Charan','2024-06-11','N','2025-08-19',84.08,'C7F2A7A6-6692-C3CE-EBD4-8EACE72CBE49'),('#ffb73d',225335788,'Amir Chauhan','2023-11-04','Y','2025-02-14',36.13,'CB84C059-3DA1-DA9C-7183-5EAB35633EFA'),('#ae21ce',466323792,'Kasper Raman','2024-07-15','Y','2026-05-10',71.39,'CC5E3791-8815-C5F0-106F-A88D4A9BCA3B'),('#ba3d52',880378064,'Jescie Nigam','2024-11-03','Y','2025-04-09',24.62,'CD62D9B3-439E-A5CD-E127-ED3C8D905FC9'),('#f733ea',818286726,'Leroy Roy','2024-04-14','Y','2026-01-10',19.46,'CE058657-7783-229E-D785-58E7695858D1'),('#7ba7e0',631494170,'Iliana Engineer','2024-11-12','N','2025-05-24',63.66,'CEE3CED7-D46A-6E2D-89C9-D6284CA69773'),('#219aaf',634411820,'Scott Rana','2023-10-20','Y','2025-09-19',68.81,'D6475C76-AB73-348C-A51C-8B806D9BBAED'),('#93edc1',271948144,'Alma Vish','2024-04-17','Y','2024-12-17',18.23,'D89DA98C-040E-D854-49AE-93363723D657'),('#e892a0',242168228,'Dacey Pal','2024-02-03','Y','2025-03-11',82.72,'DC6A8DD0-5C9D-C39A-C9C1-6A5C3F81E067'),('#e271c0',538881450,'Leonard Goel','2024-03-12','Y','2025-02-22',36.99,'E168CCD5-7653-81D2-AEE8-294C34D5FD55'),('#2cd382',382321663,'Cedric Ganesh','2024-08-05','Y','2026-08-14',68.98,'E3ECEEBC-612E-275A-7016-1BED1C49592B'),('#85ed65',198917425,'Lunea Rastogi','2023-03-22','N','2026-06-02',92.03,'E43BD87C-E799-ED8C-D7CB-E2EAF98827E9'),('#d786f4',159217251,'Piper Engineer','2023-04-03','Y','2026-02-01',71.18,'E92B5141-6A77-DA4C-7531-7E03DB778123'),('#146877',320619819,'Duncan Naran','2024-05-28','N','2025-01-13',54.98,'FC15EE4B-332A-01BE-61C0-F441CC7B923E'),('#ef81bf',122332888,'Fletcher Patel','2024-10-08','N','2026-08-12',21.04,'FD0CB4D4-CD5F-D715-3566-65A8562D6CC4'),('#98bc16',491636892,'Kim Nara','2023-01-02','Y','2024-12-19',95.82,'FD661519-3274-77E2-65BA-300C0E5487D6');
/*!40000 ALTER TABLE `software` ENABLE KEYS */;
UNLOCK TABLES;

--
-- Table structure for table `swinstalledonhw`
--

DROP TABLE IF EXISTS `swinstalledonhw`;
/*!40101 SET @saved_cs_client     = @@character_set_client */;
/*!50503 SET character_set_client = utf8mb4 */;
CREATE TABLE `swinstalledonhw` (
  `SwID` varchar(50) NOT NULL,
  `SerialNo` varchar(50) NOT NULL,
  PRIMARY KEY (`SwID`,`SerialNo`),
  KEY `SerialNo` (`SerialNo`),
  CONSTRAINT `swinstalledonhw_ibfk_1` FOREIGN KEY (`SwID`) REFERENCES `software` (`SwID`),
  CONSTRAINT `swinstalledonhw_ibfk_2` FOREIGN KEY (`SerialNo`) REFERENCES `hardware` (`SerialNo`)
) ENGINE=InnoDB DEFAULT CHARSET=utf8mb4 COLLATE=utf8mb4_0900_ai_ci;
/*!40101 SET character_set_client = @saved_cs_client */;

--
-- Dumping data for table `swinstalledonhw`
--

LOCK TABLES `swinstalledonhw` WRITE;
/*!40000 ALTER TABLE `swinstalledonhw` DISABLE KEYS */;
INSERT INTO `swinstalledonhw` VALUES ('3A973120-D057-9E43-2D49-64D364D22E39','AFV87FMQ9EM'),('25F66577-9414-9213-9731-187360BA937F','AHR10PPS2FW'),('DC6A8DD0-5C9D-C39A-C9C1-6A5C3F81E067','AXD41EPA2KV'),('6CD14BEE-0EE1-D69A-D58C-AB6CD449AEBD','BER35HXJ5IC'),('135CD8B5-E2A1-BD6C-1D55-CC0E622B8D69','BHA77WJP4SU'),('334E6ACC-5264-C42A-9CA3-213265DC8B63','BIM18ELJ2LJ'),('9E671482-56CE-B7E0-955A-281EE0440A72','CGC48TUI4BJ'),('45A843D5-28E6-BBC0-1DE9-349A3AB15183','CMO44UFN2QL'),('82B491E8-E473-3404-5114-148DE81D785E','CNV54WGY7TS'),('AD76E78D-64BF-F426-E018-A66620B8A55F','CSL85WQY6RV'),('1B34A166-1DEB-9848-D192-D883B359F156','CWI67VAY8OI'),('59803DB8-D5E1-DB9B-249D-221416D8426E','DEP74QBY5YX'),('45C65F33-C697-1E76-93A4-2A226263938C','DES61SMF4WT'),('461AA3C1-4417-8197-6338-EA6637139EB9','EJL44RWD6TZ'),('746038EC-2772-4BFE-E4BF-2CABC1E3BA46','FME47TVV9CD'),('7813CE4C-7161-6D67-19BB-699DA951E2D7','FSR57MNX3HQ'),('FC15EE4B-332A-01BE-61C0-F441CC7B923E','FVW35GOO2EK'),('A2C53332-2C68-385C-C9DC-7DE757ECDCC4','FXL25EDM0JQ'),('E3ECEEBC-612E-275A-7016-1BED1C49592B','GNE71BGB1UX'),('E92B5141-6A77-DA4C-7531-7E03DB778123','GRP38HGS8BZ'),('15217C49-5367-3288-08EE-E2097663C822','GTT25TDN8RF'),('70D4B979-A3DD-841E-91CE-D337E6B61D73','HFJ60ZIE6TT'),('B467D2EC-7260-9095-4DF5-E054D826DB43','HFK52LLO2BH'),('8758D330-627A-EB38-6428-A1CE8035B7A1','HKK85OXD3FY'),('36D8CAA4-D2B1-402C-3DC1-A117A2D01ED9','HOS98ENW6JV'),('8C1C022E-7295-589C-B180-AB249AFDABBD','HST64RUU8WS'),('C7F2A7A6-6692-C3CE-EBD4-8EACE72CBE49','ICH76MIA4LS'),('D6475C76-AB73-348C-A51C-8B806D9BBAED','ICS57BOE3FK'),('05B643B5-640C-F626-CF14-C38DA517E91A','IHB46YAK0HT'),('63EF0B8D-75AE-9D09-0B8C-429724DBD869','IWZ65DYD4SG'),('A296DD2E-3F18-27B3-642D-16D3928F675E','JCA78PTK3DJ'),('B476ADA0-CA42-B264-4333-56D444927145','JEN33CYI7IP'),('341CEAEE-593A-53F6-B575-A55DB37334A2','JFU53NLB5YC'),('97AD68D3-545C-86AA-9BE9-A8A1CAA85A37','JGT37WMD2FA'),('1EA8059D-1DDB-6578-11E8-828A19BDEAC0','JHE01HZB4BA'),('CB84C059-3DA1-DA9C-7183-5EAB35633EFA','JLB40RLD1ZB'),('2658419A-E2EB-59B4-D775-5BFBC3B97775','JQK86OFH6UG'),('E168CCD5-7653-81D2-AEE8-294C34D5FD55','KLN86NWN6KN'),('68FE7F31-8E82-9FF8-1758-1B4DBEB65B6E','KMA04EXG1HI'),('FD661519-3274-77E2-65BA-300C0E5487D6','LFI94JID7WW'),('CC5E3791-8815-C5F0-106F-A88D4A9BCA3B','LWO95RMU5JS'),('9442D6DE-9178-B248-4CC8-1B8E84C193C6','MEC82PBV1LJ'),('BA6E2EA2-A16B-AE95-CD1E-ECDA8B75429E','MGS92UVY4UU'),('7355C41C-69DB-181C-2C29-4BCB301A6AE1','MIO62MMC9WN'),('A9A277BF-F6AE-EAE4-788D-D5712706EE62','MVH26MDN5VR'),('203848E5-5D02-C65E-83BF-43151D1C3B93','NCP27CDH6PT'),('9A1FB257-DC9C-8364-8399-C24B37F55F53','NKM58BBO8QY'),('5C523117-C29A-46CB-A614-01F47D1839AE','OKR17QXX3KU'),('D89DA98C-040E-D854-49AE-93363723D657','ONX89CTL6PY'),('B3B6154F-8381-36EB-25D3-938F1E323A74','OQE65DCX2WI'),('C2688E2B-8434-49AB-3868-CD672417DFDC','OVC04JTU3YY'),('FD0CB4D4-CD5F-D715-3566-65A8562D6CC4','OYL43MIK5QB'),('828F735A-D160-21D4-EFB6-311BC2E2A268','PDJ23PDR2CG'),('6179DA19-DA87-D417-5D1A-4574B2E364BD','PIJ95OJX7CD'),('3B9129ED-9041-25DA-2F3E-12AAEACA5519','PKF39VUC6VV'),('151BBA18-3C6D-24DF-4CE3-ADFCF854BE40','PKI22KRW2NC'),('AD59BA27-C8C7-9A35-51AA-959DBD4A8B16','QEO52JFK8LO'),('4B388DA5-E3B0-9BEB-40DC-D7C457627233','QGW43PBN7PP'),('38881222-AF0A-1710-8721-D31DD664D6BA','QQV93VWQ1KH'),('36D7F67B-DC1C-BC24-70AC-91860A568E32','QYX46MLO6DV'),('5493B0AC-149E-502F-4A87-5B9A6A4616A3','RGT26HWV8FN'),('BBAE5A36-E97B-5391-E963-57E18E1D928D','RKJ24DWD6SA'),('5E641A97-5BBC-882E-A4B3-3D5BEDEC23B3','RKX83SNI2VG'),('0AAD3736-0FAD-7511-47D6-3DDA89CEADD4','RLC22HJV8MP'),('4670D146-BBE7-DB00-9383-AA7BD316B649','ROE65ISY4XZ'),('1E4457D4-1898-BBC9-F311-B72DD78938C9','RTQ46HMQ5EX'),('ADEE779E-695B-E451-8B25-7D96C97C98F8','RVP33GKR3TF'),('4C72EFED-3127-691A-B45D-AE73F0C3A8C3','SKB68RCN0BZ'),('2E5C782C-C10E-B1B9-66C8-72B31AA3358A','TCH73MDN6MT'),('CD62D9B3-439E-A5CD-E127-ED3C8D905FC9','TFN88CCL4BU'),('323B7D75-9866-B3AE-B542-D28E35159D3B','TJU32FLJ4XS'),('CEE3CED7-D46A-6E2D-89C9-D6284CA69773','TLP66VZZ1JI'),('42A36846-88EB-F073-8146-D1DE61B01D61','TNF61DZN8TF'),('48504CED-16A9-E613-D3B3-C4BE125EBD0C','TOM67LMW8CE'),('A5350CB2-02E9-C245-3924-899B8B88DD75','TVR37ZKO6LB'),('4CB14975-1AB6-7F84-1F57-E67E62A4214E','UAZ32OMJ2GH'),('7D9C2B0E-D6BD-ECEB-217F-E7B28937162E','UBE38NUY2RN'),('90032DFD-145B-366E-1414-25B09B0D71B9','UKY54TVM5VX'),('1FDDB3E4-D3B2-3E85-9A4D-67319B139387','ULV11QSM5HB'),('E43BD87C-E799-ED8C-D7CB-E2EAF98827E9','UNL36MOX4MS'),('A5AD33B9-9371-7E8A-2CF0-9543D98CAEAB','UQL32QDY3JH'),('235DB11B-E767-9AA8-2A86-A524AF47C2BC','URB23USJ1SM'),('AA1ECE6B-7558-C115-0A32-B5F7EA48EB6C','UVC42QJB6VL'),('0D1C1766-65A6-9624-DADB-51DB884544D7','UWG80LVM2SG'),('4EC1E7E2-6EB3-9EC8-D5D5-5051227C34EE','VAX44WFX3PK'),('152D3453-9955-FA73-B756-CDA241AB4826','VEW83QLJ5UN'),('A7219961-2D79-F2A8-CAA7-E2916ABFD13C','VIR11VOS5GR'),('BDC11614-264B-1936-93AA-409B1ABAE105','VLM01EYV8EO'),('5575CABD-36FD-1E74-1557-1E18ECF465DC','VME37VLV1FU'),('CE058657-7783-229E-D785-58E7695858D1','WCC84BBE5PT'),('AC5D9F51-87D1-97C2-B7E8-1E54B89A5EAE','WCE62MKR0ZK'),('B18149E5-A482-82E7-BAA5-14B1B21CCADA','WVC38BFE4SW'),('922D4EA4-7272-6FE9-7607-02E7C14ACEF0','XHP88BFF5IF'),('603015C3-52A5-072C-ADCA-E1C89339DA64','XNY19ZZK3SB'),('1E8C5574-8171-C41B-CC07-2F1E2B78D449','XOP64ONL7PZ'),('8B9AD4ED-9177-25C4-B275-4C18B7CBA896','XXD84AWC4FH'),('2A25AE2C-2299-B2B2-048A-4532C26592CC','YUS27JDC2SS'),('389DE2AE-54D3-E668-8EC8-7633903D42DC','ZCX57EJN1MQ'),('96C9A71C-7222-3D99-561A-195747455A18','ZJG64PEN8DV'),('0ACF0D97-4491-4FDB-5565-695EBC82A597','ZQY10UIR6OJ');
/*!40000 ALTER TABLE `swinstalledonhw` ENABLE KEYS */;
UNLOCK TABLES;
/*!40103 SET TIME_ZONE=@OLD_TIME_ZONE */;

/*!40101 SET SQL_MODE=@OLD_SQL_MODE */;
/*!40014 SET FOREIGN_KEY_CHECKS=@OLD_FOREIGN_KEY_CHECKS */;
/*!40014 SET UNIQUE_CHECKS=@OLD_UNIQUE_CHECKS */;
/*!40101 SET CHARACTER_SET_CLIENT=@OLD_CHARACTER_SET_CLIENT */;
/*!40101 SET CHARACTER_SET_RESULTS=@OLD_CHARACTER_SET_RESULTS */;
/*!40101 SET COLLATION_CONNECTION=@OLD_COLLATION_CONNECTION */;
/*!40111 SET SQL_NOTES=@OLD_SQL_NOTES */;

-- Dump completed on 2023-11-16 21:07:17
