HwSerialNo,ConnectedTo-HwSerialNo
047D216F-E32B-2354-98A9-C67178743C58,SEA2C586-88ED-A0A3-0C13-EECA13E394AB
AA88FEDB-C5EC-9476-C895-3E62A2A7814A,SEA2C586-88ED-A0A3-0C13-EECA13E394AB
B87EA3AB-8A18-1591-63B2-0F5620E528A4,SEA2C586-88ED-A0A3-0C13-EECA13E394AB
SEA2C586-88ED-A0A3-0C13-EECA13E394AB,EntServer
AE7CD468-9D1E-8A8A-7779-5B82A5AB47C8,SEA2C586-88ED-A0A3-0C13-EECA13E394AB
SEE41781-8DDC-243F-B0F2-9F668BB5D279,SEA2C586-88ED-A0A3-0C13-EECA13E394AB
4DF83220-EA7B-176E-5ED3-26964CA83EA6,SEA2C586-88ED-A0A3-0C13-EECA13E394AB
SE61E981-F9AF-81E6-DB34-D662389992D8,SEA2C586-88ED-A0A3-0C13-EECA13E394AB
2833D1B3-43B7-A852-71AE-16EDC15EDBCB,D4111A53-F2B7-FC5F-A93D-607AD89BA29E
D4111A53-F2B7-FC5F-A93D-607AD89BA29E,2833D1B3-43B7-A852-71AE-16EDC15EDBCB
2A2320A7-244C-D8AE-DF54-5BF116D36B14,SEA2C586-88ED-A0A3-0C13-EECA13E394AB
SEEE28D6-943D-36CF-66B9-40A5E4DA679B,SEA2C586-88ED-A0A3-0C13-EECA13E394AB
733D835C-E821-BD5E-CBC1-D9D16A8164B7,SEA2C586-88ED-A0A3-0C13-EECA13E394AB
D322F781-5803-5519-AEDD-D2BEB56F5AB3,SEA2C586-88ED-A0A3-0C13-EECA13E394AB
4B4885D6-8556-729E-D17E-A006827E63F6,SEA2C586-88ED-A0A3-0C13-EECA13E394AB
6A380749-276E-7EFA-CBE4-9DF9C387D2CF,EntServer
C7E7DC04-2C7C-5435-1EFE-46EC19BA5547,6A380749-276E-7EFA-CBE4-9DF9C387D2CF
BAA39FC2-D910-9719-0A68-CFA8DD582511,6A380749-276E-7EFA-CBE4-9DF9C387D2CF
C429C301-577A-BB78-48CC-FAB3BDFDC19B,6A380749-276E-7EFA-CBE4-9DF9C387D2CF
BAA99F67-96A6-F013-0B3C-629BEFB4DDFD,6A380749-276E-7EFA-CBE4-9DF9C387D2CF
E840EA1E-7C03-B948-E80B-DCA4901554CE,76F956F1-3AB7-399F-6B4D-7DA37EC9992E
76F956F1-3AB7-399F-6B4D-7DA37EC9992E,EntServer
75D5D829-FF05-1A14-AEBA-06267CB23C12,76F956F1-3AB7-399F-6B4D-7DA37EC9992E
531267E7-1B84-1929-82C0-6EDDE9C0657E,76F956F1-3AB7-399F-6B4D-7DA37EC9992E
95A1A843-B515-B555-73C4-866DE4F71371,D283E628-EEBA-72AA-DBEB-54E3425D0AE9
D283E628-EEBA-72AA-DBEB-54E3425D0AE9,95A1A843-B515-B555-73C4-866DE4F71371
A6AA8AAA-C223-F8A3-6D7B-C378934E29AA,76F956F1-3AB7-399F-6B4D-7DA37EC9992E
C6975583-AED4-11CA-D1CF-E42BC29DEA29,76F956F1-3AB7-399F-6B4D-7DA37EC9992E
5A6CDCCE-06BE-3E8D-EEAF-8BD3DF6FDBC4,76F956F1-3AB7-399F-6B4D-7DA37EC9992E
6F36EEE2-A1DA-6169-694C-B5614C50ADC9,59D7B8B1-5B08-7266-C86A-18CD08ECCB22
B7639409-25A4-B729-25AE-B2DED1D889F1,59D7B8B1-5B08-7266-C86A-18CD08ECCB22
59D7B8B1-5B08-7266-C86A-18CD08ECCB22,EntServer
0975B73D-60AB-9D38-7176-145312AE5B75,EntServer
BD5F40F4-6ABD-34C8-347D-7666589EDBFF,EntServer
A1B2DB25-E779-18DC-3138-37BEC7A39275,BD5F40F4-6ABD-34C8-347D-7666589EDBFF
9EEB9A0E-9D6A-DC83-FE13-4AB335B4EF4B,BD5F40F4-6ABD-34C8-347D-7666589EDBFF
15F89FA4-0E63-5FDE-FA9B-6F2B07829144,BD5F40F4-6ABD-34C8-347D-7666589EDBFF
EDAC80A8-D43D-3B29-B786-6FEBAA6C261C,BD5F40F4-6ABD-34C8-347D-7666589EDBFF
1651C12B-98E5-9918-74DD-68218EBA8327,BD5F40F4-6ABD-34C8-347D-7666589EDBFF
2AA21831-25E2-E365-246B-7806C8A27281,BD5F40F4-6ABD-34C8-347D-7666589EDBFF
7E5D72BF-3807-D0A3-CA21-68E6266013BC,BD5F40F4-6ABD-34C8-347D-7666589EDBFF
835E503D-EA54-E364-CB4B-715C7895AF3B,BD5F40F4-6ABD-34C8-347D-7666589EDBFF
2B4DC481-2CCA-670E-7A5D-F35E865662CB,3B71B1E8-16A5-3637-93A0-B567A585E859
3B71B1E8-16A5-3637-93A0-B567A585E859,BD5F40F4-6ABD-34C8-347D-7666589EDBFF
243E528C-01B8-4AB9-23D3-8E614853C3C1,3B71B1E8-16A5-3637-93A0-B567A585E859
E1AB458A-9FC5-BBF4-4B49-C6848CBB927D,BD5F40F4-6ABD-34C8-347D-7666589EDBFF
A6E8B48B-35E7-00ED-1212-E5B4A72B72A6,BD5F40F4-6ABD-34C8-347D-7666589EDBFF
841170AB-08AE-61B3-616C-1E51EFD45F4E,EntServer
E18D5744-3323-3621-8ACC-0CDF71E6EB9B,841170AB-08AE-61B3-616C-1E51EFD45F4E
D961FB82-1177-D4EA-7437-80A8C6B6F92D,841170AB-08AE-61B3-616C-1E51EFD45F4E
D2121952-EE14-2050-AAAA-1269EE2E073A,841170AB-08AE-61B3-616C-1E51EFD45F4E
E33CC91D-944B-CD7C-4DC7-D62012D6C613,841170AB-08AE-61B3-616C-1E51EFD45F4E
8BFC2EDA-B1DB-9938-1ED2-2CD8029DBD22,841170AB-08AE-61B3-616C-1E51EFD45F4E
C439D6C6-069E-F6B5-FFBF-2D7082CC396A,D65820E6-B4C3-C4C1-38AC-99D69184C3C1
D65820E6-B4C3-C4C1-38AC-99D69184C3C1,EntServer
6DB57999-0911-7D29-3DC3-E1482DE409A3,D65820E6-B4C3-C4C1-38AC-99D69184C3C1
35C6CEE2-4E1E-2686-0669-D2B7BE0E56BB,D65820E6-B4C3-C4C1-38AC-99D69184C3C1
E6BB23BC-1591-7AC5-2121-97D95DEA16CA,D65820E6-B4C3-C4C1-38AC-99D69184C3C1
95D8E562-6E3B-FE7B-15A4-BFE27FB4A4A7,D65820E6-B4C3-C4C1-38AC-99D69184C3C1
59583B92-8125-00B4-E5E7-593309582377,D65820E6-B4C3-C4C1-38AC-99D69184C3C1
97119BE1-7E7D-E557-BAB4-0E4BC7BC9783,D65820E6-B4C3-C4C1-38AC-99D69184C3C1
46D7D4E7-44EC-EE16-0568-85B2BAE184A5,D65820E6-B4C3-C4C1-38AC-99D69184C3C1
76BEDFA7-8253-27A3-B3E1-58383E59E2AE,D65820E6-B4C3-C4C1-38AC-99D69184C3C1
D662DAC6-E412-6CD9-7CA8-48E36C35D846,D65820E6-B4C3-C4C1-38AC-99D69184C3C1
3D2518A6-3653-EDAE-8DD0-4530CE112BA4,D65820E6-B4C3-C4C1-38AC-99D69184C3C1
7ED8C824-3E98-3377-6D1E-C4B16A2F95D6,D65820E6-B4C3-C4C1-38AC-99D69184C3C1
53C975A2-97C1-6C45-B79C-65D0BE2FE7A9,D65820E6-B4C3-C4C1-38AC-99D69184C3C1
26885C04-2364-3252-A877-B4C2448B6B88,D65820E6-B4C3-C4C1-38AC-99D69184C3C1
E6911B38-2527-937E-1405-85372FC8DF7D,D65820E6-B4C3-C4C1-38AC-99D69184C3C1
CFA12B93-A76D-FC54-5807-71972BFEEBA9,DDD66138-59CA-4A78-6461-1CE94776DA8D
F75D9C21-AB61-D23D-E819-A8C5E872E3D6,DDD66138-59CA-4A78-6461-1CE94776DA8D
96D457CE-4972-AC80-7C66-797383AD2611,DDD66138-59CA-4A78-6461-1CE94776DA8D
DDD66138-59CA-4A78-6461-1CE94776DA8D,EntServer
5859DA49-B5E1-FC21-E26B-88116F5E26E7,DDD66138-59CA-4A78-6461-1CE94776DA8D
5E7DA2D2-E52F-AF6F-94A4-7C88C96AD7B9,DDD66138-59CA-4A78-6461-1CE94776DA8D
8335D872-177B-7C92-DAE9-7D0ED8E2F71A,DDD66138-59CA-4A78-6461-1CE94776DA8D
981B3FEE-C801-06BC-DC83-1BF9F45A99F2,DDD66138-59CA-4A78-6461-1CE94776DA8D
2CAD2C70-4451-ACAE-189E-43A32154DE8A,DDD66138-59CA-4A78-6461-1CE94776DA8D
EE755261-15E7-1196-BA29-A5FB6CC829E0,DDD66138-59CA-4A78-6461-1CE94776DA8D
EA494C48-C0C8-D51A-9191-2115E36602F5,DDD66138-59CA-4A78-6461-1CE94776DA8D
37B8392C-5CAF-AA13-B125-88AD7B642357,DDD66138-59CA-4A78-6461-1CE94776DA8D
BEA63321-51A5-8928-B412-69A86DE38517,DDD66138-59CA-4A78-6461-1CE94776DA8D
E39E215D-6DD6-7A61-3113-DF883865A1BC,DDD66138-59CA-4A78-6461-1CE94776DA8D
A769E036-B902-1A02-E926-6012FD3B6096,DDD66138-59CA-4A78-6461-1CE94776DA8D
B83B1B2C-3F15-A812-4BEB-5C18FD3646A1,DDD66138-59CA-4A78-6461-1CE94776DA8D
3E32C2B6-3930-6F3D-D792-C6BFCFD4D92B,DDD66138-59CA-4A78-6461-1CE94776DA8D
732E6CEA-196D-9CA9-A06A-3413D9EC3C63,DDD66138-59CA-4A78-6461-1CE94776DA8D
62585C45-D9F7-58B3-475D-E6EDDC187F42,DDD66138-59CA-4A78-6461-1CE94776DA8D
001A6B14-A6C6-93B5-213B-C8C5C6B9ABCF,DDD66138-59CA-4A78-6461-1CE94776DA8D
D915275C-54A2-741B-86E1-BA8418F4E26F,DDD66138-59CA-4A78-6461-1CE94776DA8D
3DD7DA55-B8B2-5CBE-3BD8-AB2149879A03,DDD66138-59CA-4A78-6461-1CE94776DA8D
B621CC8A-9435-A43A-8EA3-6858C94133EE,DDD66138-59CA-4A78-6461-1CE94776DA8D
DC37D72C-CDC2-B862-A5C0-618D77587680,DDD66138-59CA-4A78-6461-1CE94776DA8D
09FA368B-2CF5-A4B5-1E66-A3181F8B1464,DDD66138-59CA-4A78-6461-1CE94776DA8D
CBFF25CD-922C-8F68-90DF-B9D5594C954A,DDD66138-59CA-4A78-6461-1CE94776DA8D
E4AB6B32-76B9-264D-E14A-286F2C56E9B2,DDD66138-59CA-4A78-6461-1CE94776DA8D
B157A53D-561C-365E-3951-F4EDFAE7FC5E,B62D1AF2-1FB7-9EA3-D1B3-2A6E886401B8
9F359419-951E-C303-B570-E073A174BAB3,B62D1AF2-1FB7-9EA3-D1B3-2A6E886401B8
8BAB351C-24DC-1BA2-BA6C-A88451C31CCC,B62D1AF2-1FB7-9EA3-D1B3-2A6E886401B8
49D158A8-8A28-0EC8-26BA-A68E279C8D57,B62D1AF2-1FB7-9EA3-D1B3-2A6E886401B8
B62D1AF2-1FB7-9EA3-D1B3-2A6E886401B8,EntServer
62573148-A371-B380-C597-146C45C3BDC3,B62D1AF2-1FB7-9EA3-D1B3-2A6E886401B8
C9837436-963B-89DA-C17B-BD1B15C28AA4,B62D1AF2-1FB7-9EA3-D1B3-2A6E886401B8
B6C7FE35-5F86-BAA6-FFEC-6DF8E5DC5EA1,B62D1AF2-1FB7-9EA3-D1B3-2A6E886401B8
421DA85C-0BA9-7575-E8B3-D33F1E4547A8,B62D1AF2-1FB7-9EA3-D1B3-2A6E886401B8
A729782B-91DE-C60B-8607-833D8DEB65DA,B62D1AF2-1FB7-9EA3-D1B3-2A6E886401B8
976A0BA5-3A3C-B128-14D5-C7DE14C80DC9,B62D1AF2-1FB7-9EA3-D1B3-2A6E886401B8
B98F6EF1-E25D-0C00-B8CD-652882C3BB44,B62D1AF2-1FB7-9EA3-D1B3-2A6E886401B8
A2B00E81-C339-D8AB-D52C-99312738C33C,B62D1AF2-1FB7-9EA3-D1B3-2A6E886401B8
A07E75DB-4A97-31D2-E964-5B69A07E6D3B,B62D1AF2-1FB7-9EA3-D1B3-2A6E886401B8
352A7DAE-5C28-6E4C-7B78-B95DC56B64AE,B62D1AF2-1FB7-9EA3-D1B3-2A6E886401B8
C395B5BB-ED4C-1DDB-7A86-806D2516AA1C,B62D1AF2-1FB7-9EA3-D1B3-2A6E886401B8
49B3776E-4CB4-6B64-7B9D-01B5E8D119EE,B62D1AF2-1FB7-9EA3-D1B3-2A6E886401B8
1218D01D-5680-D5C1-252A-6BABC43CE37A,B62D1AF2-1FB7-9EA3-D1B3-2A6E886401B8
D7899F59-A182-D83D-4A5C-36EDA50D7589,B62D1AF2-1FB7-9EA3-D1B3-2A6E886401B8
7E09B1C9-619C-8BE1-A961-69866E24BE5F,B62D1AF2-1FB7-9EA3-D1B3-2A6E886401B8
09654018-524F-2243-4F2A-5FA75C49CFCC,B62D1AF2-1FB7-9EA3-D1B3-2A6E886401B8
5011D286-4FB6-45FA-7BB4-B9E18228E44F,B62D1AF2-1FB7-9EA3-D1B3-2A6E886401B8
BADA5275-EB9A-F965-BC58-3E72C728F383,B62D1AF2-1FB7-9EA3-D1B3-2A6E886401B8
AA4F2B6F-88AC-AF0D-956C-EC1426A2DD75,B62D1AF2-1FB7-9EA3-D1B3-2A6E886401B8
01B0529C-1129-974D-BB5B-88219A1862B5,B62D1AF2-1FB7-9EA3-D1B3-2A6E886401B8
3EAF3ED1-7D4E-C18C-1E9E-AD13D6E5DB59,B62D1AF2-1FB7-9EA3-D1B3-2A6E886401B8
74395D42-0A8D-ED77-CD01-AA729E5B1E6C,B62D1AF2-1FB7-9EA3-D1B3-2A6E886401B8
58154622-20EE-18B3-7137-1A1C01CA1CCA,B62D1AF2-1FB7-9EA3-D1B3-2A6E886401B8
8B29941E-D792-885E-79BA-6CCDDE127E11,B62D1AF2-1FB7-9EA3-D1B3-2A6E886401B8
98563779-168D-65DC-6C3F-891C92C21EA8,B62D1AF2-1FB7-9EA3-D1B3-2A6E886401B8
B988F2EB-D3C3-827B-ADE9-B2BBD4B11F92,B62D1AF2-1FB7-9EA3-D1B3-2A6E886401B8
18FDD297-179A-D7CE-DDD3-6554F3F25FF8,B62D1AF2-1FB7-9EA3-D1B3-2A6E886401B8
0FCDF0CD-7E59-AC7E-926D-E4963ED4D131,B62D1AF2-1FB7-9EA3-D1B3-2A6E886401B8
958918C6-041C-0BD9-3B8E-C37B65296BC1,B62D1AF2-1FB7-9EA3-D1B3-2A6E886401B8
8DE76C42-C471-E120-A779-D4561896BFAD,B62D1AF2-1FB7-9EA3-D1B3-2A6E886401B8
DA338BC1-4831-B3A1-E2E8-C066739A8236,B62D1AF2-1FB7-9EA3-D1B3-2A6E886401B8
DAAB5B61-612D-C757-493F-0A9E6C44DC53,B62D1AF2-1FB7-9EA3-D1B3-2A6E886401B8
C67D1B09-48A1-39B5-254E-42AA23BB48D8,B62D1AF2-1FB7-9EA3-D1B3-2A6E886401B8
D9B97B4A-683E-C874-C603-E6D68E1E3352,B62D1AF2-1FB7-9EA3-D1B3-2A6E886401B8
D41E5589-017E-201D-06B2-4C49D2C54AA1,B62D1AF2-1FB7-9EA3-D1B3-2A6E886401B8
A72C6302-82D3-64DA-876B-4A6426A893CB,B62D1AF2-1FB7-9EA3-D1B3-2A6E886401B8
416B8A43-D9C6-C025-95C8-BC78AB561CE9,B62D1AF2-1FB7-9EA3-D1B3-2A6E886401B8
9F71D9AB-7645-C40A-3112-03E25554BE51,B62D1AF2-1FB7-9EA3-D1B3-2A6E886401B8
DC4D6385-12F4-4415-93B2-4B45C91BA1B4,B62D1AF2-1FB7-9EA3-D1B3-2A6E886401B8
2AC93A77-58B3-5BF7-7CC9-DA8DDA256D21,B62D1AF2-1FB7-9EA3-D1B3-2A6E886401B8
A32E2960-8AB7-1523-5671-29655CAB72E8,B62D1AF2-1FB7-9EA3-D1B3-2A6E886401B8
8BD969E6-4249-A5EF-5498-9D223CA578D4,B62D1AF2-1FB7-9EA3-D1B3-2A6E886401B8
DFE5C66C-9F7C-4E8E-BC2B-D39C833E748D,B62D1AF2-1FB7-9EA3-D1B3-2A6E886401B8
AC876AEA-F568-7933-A7C4-4A2780121C3E,B62D1AF2-1FB7-9EA3-D1B3-2A6E886401B8
D9C21EB4-7C74-B64E-4669-A8102D3B5D3A,B62D1AF2-1FB7-9EA3-D1B3-2A6E886401B8
17608456-4C36-34D9-DCA1-41FC6154770C,B62D1AF2-1FB7-9EA3-D1B3-2A6E886401B8
8E121B5C-8531-D634-440E-5945DC8B36DE,B62D1AF2-1FB7-9EA3-D1B3-2A6E886401B8
4145597A-33A8-109C-62D0-8F18EBE3FE9A,B62D1AF2-1FB7-9EA3-D1B3-2A6E886401B8
B4CB1CA5-D237-73CA-9434-C88372483228,B62D1AF2-1FB7-9EA3-D1B3-2A6E886401B8
