MgrID,MgrName
100,Carlos Lawrence
101,Clinton Heath
102,Macaulay Pickett
103,Hasad Mcfarland
104,Marcia Wilkinson
105,Murphy Cote
106,Solomon Moreno
107,Alfreda O'brien
108,Quinn Tanner
109,Yeo Pickett
110,Cain Rush
111,Amir Cross
112,Lara Fischer
113,Joelle Walter
114,Meredith Hines
115,Patrick Hunt
116,Savannah Clements
117,Bo Nichols
118,Moses Cooley
119,Lysandra Velez
120,Montana Shaffer
121,Raphael Marks
122,Isaiah Ramsey
123,Jacob Park
124,Quynn Barton
125,Nerea Horton
126,Matthew May
127,Bruce Macias
128,Upton Copeland
129,Brennan Acevedo
130,Jillian Kinney
131,Josiah Cobb
132,Scott Morton
133,Leslie Morgan
134,Noel Austin
135,Halee Glenn
136,Byron Mayer
137,Barrett Gutierrez
138,Yoshio Cannon
139,Calista Hopkins
140,Amber Larsen
141,Quentin Barron
142,Tanner Pacheco
143,Yvonne Abbott
144,Ria Hartman
145,Cally Hayden
146,Leilani Gordon
147,Darryl Gray
148,Nash Hendricks
149,Tate Wilcox
